วันเดือนปี,Close,Open,High,Low,Volumn,% เปลี่ยน
31-Dec-19,"28,538.44","28,414.64","28,547.35","28,376.49",193.34M,0.27%
30-Dec-19,"28,462.14","28,654.76","28,664.69","28,428.98",185.07M,-0.64%
27-Dec-19,"28,645.26","28,675.34","28,701.66","28,608.98",184.93M,0.08%
26-Dec-19,"28,621.39","28,539.46","28,624.10","28,535.15",155.97M,0.37%
24-Dec-19,"28,515.45","28,572.57","28,576.80","28,503.21",95.29M,-0.13%
23-Dec-19,"28,551.53","28,491.78","28,582.49","28,491.78",233.47M,0.34%
20-Dec-19,"28,455.09","28,608.64","28,608.64","28,445.60",603.78M,0.28%
19-Dec-19,"28,376.96","28,278.31","28,381.48","28,278.24",262.57M,0.49%
18-Dec-19,"28,239.28","28,291.44","28,323.25","28,239.28",289.89M,-0.10%
17-Dec-19,"28,267.16","28,221.75","28,328.63","28,220.56",286.77M,0.11%
16-Dec-19,"28,235.89","28,191.67","28,337.49","28,191.67",286.77M,0.36%
13-Dec-19,"28,135.38","28,123.64","28,290.73","28,028.32",254.81M,0.01%
12-Dec-19,"28,132.05","27,898.34","28,224.95","27,859.87",277.74M,0.79%
11-Dec-19,"27,911.30","27,867.31","27,925.50","27,801.80",221.70M,0.11%
10-Dec-19,"27,881.72","27,900.65","27,949.02","27,804.00",215.81M,-0.10%
9-Dec-19,"27,909.60","27,987.05","28,010.42","27,906.14",219.07M,-0.38%
6-Dec-19,"28,015.06","27,839.68","28,035.85","27,839.68",224.83M,1.22%
5-Dec-19,"27,677.79","27,736.05","27,745.20","27,562.80",219.99M,0.10%
4-Dec-19,"27,649.78","27,634.63","27,727.45","27,612.08",218.20M,0.53%
3-Dec-19,"27,502.81","27,501.98","27,524.74","27,325.13",275.35M,-1.01%
2-Dec-19,"27,783.04","28,109.74","28,109.84","27,782.35",236.61M,-0.96%
29-Nov-19,"28,051.41","28,103.16","28,119.51","28,042.53",122.62M,-0.40%
27-Nov-19,"28,164.00","28,156.47","28,174.97","28,075.23",198.21M,0.15%
26-Nov-19,"28,121.68","28,080.75","28,146.02","28,042.21",329.80M,0.20%
25-Nov-19,"28,066.47","27,917.77","28,068.69","27,917.77",248.42M,0.68%
22-Nov-19,"27,875.62","27,831.23","27,898.46","27,773.98",218.58M,0.39%
21-Nov-19,"27,766.29","27,820.28","27,828.33","27,708.34",232.02M,-0.20%
20-Nov-19,"27,821.09","27,879.55","27,897.28","27,675.28",260.24M,-0.40%
19-Nov-19,"27,934.02","28,079.76","28,090.21","27,894.52",256.62M,-0.36%
18-Nov-19,"28,036.22","27,993.22","28,040.97","27,969.24",252.32M,0.11%
15-Nov-19,"28,004.89","27,843.54","28,004.89","27,843.54",288.91M,0.80%
14-Nov-19,"27,781.96","27,757.20","27,800.71","27,676.97",303.97M,-0.01%
13-Nov-19,"27,783.59","27,622.04","27,806.40","27,587.20",278.39M,0.33%
12-Nov-19,"27,691.49","27,701.59","27,770.86","27,635.32",213.67M,0.00%
11-Nov-19,"27,691.49","27,580.66","27,714.39","27,517.67",204.62M,0.04%
8-Nov-19,"27,681.24","27,686.20","27,694.95","27,578.97",222.79M,0.02%
7-Nov-19,"27,674.80","27,590.16","27,774.67","27,590.16",263.58M,0.66%
6-Nov-19,"27,492.56","27,502.74","27,526.05","27,407.81",243.19M,0.00%
5-Nov-19,"27,492.63","27,500.23","27,560.36","27,453.55",293.96M,0.11%
4-Nov-19,"27,462.11","27,402.06","27,517.58","27,402.06",273.03M,0.42%
1-Nov-19,"27,347.36","27,142.95","27,347.43","27,142.95",272.07M,1.11%
31-Oct-19,"27,046.23","27,188.37","27,188.37","26,918.29",273.83M,-0.52%
30-Oct-19,"27,186.69","27,110.71","27,204.36","26,999.64",231.75M,0.43%
29-Oct-19,"27,071.42","27,061.07","27,165.94","27,039.76",269.61M,-0.07%
28-Oct-19,"27,090.72","27,040.33","27,167.88","27,028.71",290.77M,0.49%
25-Oct-19,"26,958.06","26,789.61","27,015.37","26,765.68",274.61M,0.57%
24-Oct-19,"26,805.53","26,893.93","26,931.78","26,714.34",259.64M,-0.11%
23-Oct-19,"26,833.95","26,835.24","26,896.89","26,745.00",247.68M,0.17%
22-Oct-19,"26,788.10","26,850.43","26,946.64","26,782.61",265.51M,-0.15%
21-Oct-19,"26,827.64","26,852.67","26,852.67","26,747.62",241.03M,0.21%
18-Oct-19,"26,770.20","27,004.49","27,018.25","26,770.13",293.61M,-0.95%
17-Oct-19,"27,025.88","27,032.38","27,112.16","26,970.29",225.06M,0.09%
16-Oct-19,"27,001.98","26,972.31","27,058.34","26,943.29",218.24M,-0.08%
15-Oct-19,"27,024.80","26,811.20","27,120.11","26,811.20",247.48M,0.89%
14-Oct-19,"26,787.36","26,766.43","26,874.33","26,749.18",178.62M,-0.11%
11-Oct-19,"26,816.59","26,694.20","27,013.97","26,694.20",283.53M,1.21%
10-Oct-19,"26,496.67","26,317.35","26,603.31","26,314.51",217.68M,0.57%
9-Oct-19,"26,346.01","26,308.23","26,424.31","26,249.75",191.75M,0.70%
8-Oct-19,"26,164.04","26,276.59","26,421.81","26,139.80",251.42M,-1.19%
7-Oct-19,"26,478.02","26,502.33","26,655.84","26,424.54",197.51M,-0.36%
4-Oct-19,"26,573.72","26,271.70","26,590.74","26,271.70",224.49M,1.42%
3-Oct-19,"26,201.04","26,039.02","26,205.20","25,743.46",249.02M,0.47%
2-Oct-19,"26,078.62","26,425.86","26,438.04","25,974.12",312.73M,-1.86%
1-Oct-19,"26,573.04","26,962.54","27,046.21","26,562.22",272.18M,-1.28%
30-Sep-19,"26,916.83","26,852.33","26,998.86","26,852.33",228.48M,0.36%
27-Sep-19,"26,820.25","26,987.26","27,012.54","26,715.82",217.78M,-0.26%
26-Sep-19,"26,891.12","27,004.11","27,015.07","26,803.84",230.80M,-0.30%
25-Sep-19,"26,970.71","26,866.71","27,016.56","26,755.86",237.22M,0.61%
24-Sep-19,"26,807.77","27,034.07","27,079.68","26,704.96",307.43M,-0.53%
23-Sep-19,"26,949.99","26,851.45","27,011.07","26,831.34",214.83M,0.06%
20-Sep-19,"26,935.07","27,102.18","27,194.75","26,926.68",512.57M,-0.59%
19-Sep-19,"27,094.79","27,186.05","27,272.17","27,064.21",216.44M,-0.19%
18-Sep-19,"27,147.08","27,075.39","27,161.93","26,899.15",212.86M,0.13%
17-Sep-19,"27,110.80","27,010.12","27,110.80","26,984.14",223.58M,0.13%
16-Sep-19,"27,076.82","27,146.06","27,172.87","27,032.56",220.62M,-0.52%
13-Sep-19,"27,219.52","27,216.67","27,277.55","27,193.95",255.26M,0.14%
12-Sep-19,"27,182.45","27,197.32","27,306.73","27,105.01",254.65M,0.17%
11-Sep-19,"27,137.04","26,928.05","27,137.04","26,885.48",272.59M,0.85%
10-Sep-19,"26,909.43","26,805.83","26,909.43","26,717.05",322.34M,0.28%
9-Sep-19,"26,835.51","26,866.23","26,900.83","26,762.18",273.12M,0.14%
6-Sep-19,"26,797.46","26,790.25","26,860.87","26,708.39",209.70M,0.26%
5-Sep-19,"26,728.15","26,603.15","26,836.30","26,603.15",256.67M,1.41%
4-Sep-19,"26,355.47","26,301.99","26,362.35","26,244.44",202.71M,0.91%
3-Sep-19,"26,118.02","26,198.26","26,198.26","25,978.22",223.21M,-1.08%
30-Aug-19,"26,403.28","26,476.39","26,514.62","26,295.59",219.08M,0.16%
29-Aug-19,"26,362.25","26,249.09","26,408.84","26,185.71",212.19M,1.25%
28-Aug-19,"26,036.10","25,712.99","26,041.57","25,637.43",207.07M,1.00%
27-Aug-19,"25,777.90","26,014.46","26,054.02","25,721.85",263.53M,-0.47%
26-Aug-19,"25,898.83","25,826.05","25,941.25","25,716.39",222.78M,1.05%
23-Aug-19,"25,628.90","26,134.21","26,320.29","25,507.18",364.26M,-2.37%
22-Aug-19,"26,252.24","26,271.64","26,388.78","26,099.01",222.81M,0.19%
21-Aug-19,"26,202.73","26,145.36","26,268.32","26,141.77",208.79M,0.93%
20-Aug-19,"25,962.44","26,086.86","26,160.12","25,952.00",238.10M,-0.66%
19-Aug-19,"26,135.79","26,020.06","26,222.32","26,020.06",252.64M,0.96%
16-Aug-19,"25,886.01","25,678.17","25,929.65","25,678.17",276.21M,1.20%
15-Aug-19,"25,579.39","25,514.25","25,639.69","25,339.60",335.80M,0.39%
14-Aug-19,"25,479.42","26,035.08","26,035.08","25,471.59",357.00M,-3.05%
13-Aug-19,"26,279.91","25,888.88","26,426.97","25,833.25",309.61M,1.44%
12-Aug-19,"25,907.37","26,169.91","26,178.95","25,824.94",200.58M,-1.45%
9-Aug-19,"26,287.44","26,337.09","26,413.36","26,097.64",241.93M,-0.34%
8-Aug-19,"26,378.19","26,086.52","26,383.61","26,038.10",283.59M,1.43%
7-Aug-19,"26,007.07","25,814.22","26,073.21","25,440.39",350.09M,-0.09%
6-Aug-19,"26,029.52","25,810.62","26,038.68","25,710.87",322.97M,1.21%
5-Aug-19,"25,717.74","26,259.23","26,259.23","25,523.38",423.37M,-2.90%
2-Aug-19,"26,485.01","26,528.66","26,570.02","26,249.22",335.72M,-0.37%
1-Aug-19,"26,583.42","26,879.86","27,175.59","26,548.71",390.49M,-1.05%
31-Jul-19,"26,864.27","27,244.67","27,281.65","26,719.60",389.00M,-1.23%
30-Jul-19,"27,198.02","27,145.39","27,224.36","27,069.86",293.25M,-0.09%
29-Jul-19,"27,221.35","27,192.24","27,275.85","27,178.06",259.32M,0.11%
26-Jul-19,"27,192.45","27,166.00","27,213.70","27,123.25",243.20M,0.19%
25-Jul-19,"27,140.98","27,247.39","27,298.43","27,062.48",244.02M,-0.47%
24-Jul-19,"27,269.97","27,262.24","27,291.04","27,191.12",245.88M,-0.29%
23-Jul-19,"27,349.19","27,231.86","27,368.81","27,204.58",250.80M,0.65%
22-Jul-19,"27,171.90","27,174.18","27,227.77","27,088.90",226.95M,0.07%
19-Jul-19,"27,154.20","27,246.38","27,342.96","27,145.78",287.69M,-0.25%
18-Jul-19,"27,222.97","27,191.98","27,266.81","27,068.79",218.82M,0.01%
17-Jul-19,"27,219.85","27,320.91","27,343.06","27,218.38",196.78M,-0.42%
16-Jul-19,"27,335.63","27,349.32","27,398.68","27,290.24",226.00M,-0.09%
15-Jul-19,"27,359.16","27,364.69","27,364.69","27,294.17",199.73M,0.10%
12-Jul-19,"27,332.03","27,139.49","27,333.79","27,135.45",248.39M,0.90%
11-Jul-19,"27,088.08","26,950.16","27,088.45","26,916.32",252.30M,0.85%
10-Jul-19,"26,860.20","26,851.96","26,983.45","26,813.11",207.99M,0.29%
9-Jul-19,"26,783.49","26,725.12","26,807.70","26,665.57",218.33M,-0.08%
8-Jul-19,"26,806.14","26,835.64","26,839.14","26,744.87",214.29M,-0.43%
5-Jul-19,"26,922.12","26,867.75","26,950.81","26,733.33",192.17M,-0.16%
3-Jul-19,"26,966.00","26,832.32","26,966.00","26,831.44",149.84M,0.67%
2-Jul-19,"26,786.68","26,719.53","26,787.56","26,632.65",219.27M,0.26%
1-Jul-19,"26,717.43","26,805.86","26,890.64","26,616.21",285.35M,0.44%
28-Jun-19,"26,599.96","26,605.93","26,638.35","26,522.27",499.35M,0.28%
27-Jun-19,"26,526.58","26,523.72","26,607.24","26,465.32",246.93M,-0.04%
26-Jun-19,"26,536.82","26,599.42","26,660.04","26,536.33",274.34M,-0.04%
25-Jun-19,"26,548.22","26,731.61","26,752.31","26,527.66",282.16M,-0.67%
24-Jun-19,"26,727.54","26,727.61","26,806.52","26,723.37",232.39M,0.03%
21-Jun-19,"26,719.13","26,749.12","26,907.37","26,705.87",485.56M,-0.13%
20-Jun-19,"26,753.17","26,665.38","26,798.63","26,539.69",278.17M,0.94%
19-Jun-19,"26,504.00","26,490.16","26,569.75","26,415.05",240.95M,0.15%
18-Jun-19,"26,465.54","26,228.88","26,527.19","26,227.76",273.49M,1.35%
17-Jun-19,"26,112.53","26,108.53","26,165.78","26,049.80",199.50M,0.09%
14-Jun-19,"26,089.61","26,076.36","26,162.28","25,988.09",208.02M,-0.07%
13-Jun-19,"26,106.77","26,036.94","26,146.91","25,995.71",213.40M,0.39%
12-Jun-19,"26,004.83","26,040.30","26,082.10","25,958.66",223.69M,-0.17%
11-Jun-19,"26,048.51","26,180.59","26,248.67","25,998.87",253.49M,-0.05%
10-Jun-19,"26,062.68","26,090.22","26,210.61","26,054.31",249.28M,0.30%
7-Jun-19,"25,983.94","25,768.72","26,072.75","25,768.72",263.01M,1.02%
6-Jun-19,"25,720.66","25,567.45","25,800.30","25,518.05",248.07M,0.71%
5-Jun-19,"25,539.57","25,451.00","25,544.66","25,373.58",262.66M,0.82%
4-Jun-19,"25,332.18","24,962.82","25,343.77","24,962.82",281.69M,2.06%
3-Jun-19,"24,819.78","24,830.16","24,935.21","24,680.57",328.24M,0.02%
31-May-19,"24,815.04","25,046.31","25,046.31","24,809.51",292.23M,-1.41%
30-May-19,"25,169.88","25,139.94","25,218.54","25,066.75",215.24M,0.17%
29-May-19,"25,126.41","25,231.46","25,231.46","24,938.24",298.93M,-0.87%
28-May-19,"25,347.77","25,616.55","25,717.63","25,342.28",364.85M,-0.93%
24-May-19,"25,585.69","25,551.07","25,670.81","25,496.20",201.37M,0.37%
23-May-19,"25,490.47","25,657.99","25,657.99","25,328.09",316.94M,-1.11%
22-May-19,"25,776.61","25,818.46","25,878.21","25,755.11",241.76M,-0.39%
21-May-19,"25,877.33","25,782.34","25,898.27","25,779.61",260.87M,0.77%
20-May-19,"25,679.90","25,655.31","25,751.71","25,560.55",279.56M,-0.33%
17-May-19,"25,764.00","25,719.95","25,948.74","25,657.78",283.76M,-0.38%
16-May-19,"25,862.68","25,692.14","25,957.63","25,692.14",320.96M,0.84%
15-May-19,"25,648.02","25,400.13","25,724.89","25,341.94",270.72M,0.45%
14-May-19,"25,532.05","25,384.03","25,688.96","25,384.03",291.57M,0.82%
13-May-19,"25,324.99","25,568.06","25,568.06","25,222.51",361.24M,-2.38%
10-May-19,"25,942.37","25,763.72","26,019.32","25,469.86",294.58M,0.44%
9-May-19,"25,828.36","25,878.85","25,884.89","25,517.39",334.76M,-0.54%
8-May-19,"25,967.33","25,933.79","26,118.10","25,889.41",276.42M,0.01%
7-May-19,"25,965.09","26,276.90","26,276.90","25,789.71",334.96M,-1.79%
6-May-19,"26,438.48","26,160.62","26,476.27","26,033.95",283.02M,-0.25%
3-May-19,"26,504.95","26,379.14","26,534.96","26,370.09",248.90M,0.75%
2-May-19,"26,307.79","26,407.15","26,454.69","26,180.36",287.61M,-0.46%
1-May-19,"26,430.14","26,639.06","26,689.39","26,426.38",303.85M,-0.61%
30-Apr-19,"26,592.91","26,594.56","26,614.04","26,419.47",340.32M,0.15%
29-Apr-19,"26,554.39","26,559.87","26,602.54","26,520.75",279.45M,0.04%
26-Apr-19,"26,543.33","26,454.62","26,543.56","26,392.55",317.29M,0.31%
25-Apr-19,"26,462.08","26,426.37","26,536.48","26,310.28",296.73M,-0.51%
24-Apr-19,"26,597.05","26,652.56","26,680.58","26,582.86",283.37M,-0.22%
23-Apr-19,"26,656.39","26,513.83","26,695.96","26,503.56",311.69M,0.55%
22-Apr-19,"26,511.05","26,510.77","26,553.05","26,458.61",232.57M,-0.18%
18-Apr-19,"26,559.54","26,463.37","26,602.42","26,444.53",332.85M,0.42%
17-Apr-19,"26,449.54","26,468.53","26,501.02","26,391.86",367.78M,-0.01%
16-Apr-19,"26,452.66","26,482.19","26,530.71","26,397.19",302.34M,0.26%
15-Apr-19,"26,384.77","26,407.76","26,424.85","26,316.42",250.62M,-0.10%
12-Apr-19,"26,412.30","26,357.79","26,436.68","26,309.72",369.91M,1.03%
11-Apr-19,"26,143.05","26,188.21","26,229.88","26,062.59",211.68M,-0.05%
10-Apr-19,"26,157.16","26,173.71","26,209.49","26,101.24",203.13M,0.03%
9-Apr-19,"26,150.58","26,243.54","26,246.34","26,103.14",244.41M,-0.72%
8-Apr-19,"26,341.02","26,312.67","26,344.65","26,246.03",229.38M,-0.32%
5-Apr-19,"26,424.99","26,427.56","26,487.57","26,370.82",229.55M,0.15%
4-Apr-19,"26,384.63","26,213.42","26,398.90","26,212.78",233.04M,0.64%
3-Apr-19,"26,218.13","26,238.03","26,282.17","26,138.47",271.98M,0.15%
2-Apr-19,"26,179.13","26,213.55","26,221.24","26,122.31",250.94M,-0.30%
1-Apr-19,"26,258.42","26,075.10","26,280.90","26,071.69",295.57M,1.27%
29-Mar-19,"25,928.68","25,827.31","25,949.32","25,771.67",300.62M,0.82%
28-Mar-19,"25,717.46","25,693.32","25,743.41","25,576.69",237.17M,0.36%
27-Mar-19,"25,625.59","25,676.34","25,758.17","25,425.27",270.34M,-0.13%
26-Mar-19,"25,657.73","25,649.56","25,796.29","25,544.78",305.11M,0.55%
25-Mar-19,"25,516.83","25,490.72","25,603.27","25,372.26",303.12M,0.06%
22-Mar-19,"25,502.32","25,844.65","25,877.01","25,501.45",386.51M,-1.77%
21-Mar-19,"25,962.51","25,688.44","26,009.90","25,657.78",335.25M,0.84%
20-Mar-19,"25,745.67","25,867.79","25,929.52","25,670.63",321.98M,-0.55%
19-Mar-19,"25,887.38","25,987.87","26,109.68","25,814.92",342.25M,-0.10%
18-Mar-19,"25,914.10","25,801.88","25,924.77","25,785.66",303.17M,0.25%
15-Mar-19,"25,848.87","25,720.96","25,927.91","25,649.70",616.91M,0.54%
14-Mar-19,"25,709.94","25,692.31","25,752.84","25,621.31",302.79M,0.03%
13-Mar-19,"25,702.89","25,637.23","25,776.49","25,571.31",331.41M,0.58%
12-Mar-19,"25,554.66","25,600.30","25,675.44","25,522.17",312.52M,-0.38%
11-Mar-19,"25,650.88","25,208.00","25,661.63","25,208.00",309.79M,0.79%
8-Mar-19,"25,450.24","25,347.38","25,466.14","25,252.46",270.50M,-0.09%
7-Mar-19,"25,473.23","25,645.45","25,645.45","25,352.55",289.14M,-0.78%
6-Mar-19,"25,673.46","25,818.76","25,837.61","25,633.71",256.25M,-0.52%
5-Mar-19,"25,806.63","25,829.07","25,877.15","25,725.63",252.26M,-0.05%
4-Mar-19,"25,819.65","26,122.19","26,155.98","25,611.55",295.51M,-0.79%
1-Mar-19,"26,026.32","26,019.67","26,143.92","25,914.37",289.89M,0.43%
28-Feb-19,"25,916.00","25,984.28","26,029.21","25,896.56",338.52M,-0.27%
27-Feb-19,"25,985.16","25,995.60","26,039.68","25,877.24",255.38M,-0.28%
26-Feb-19,"26,057.98","26,051.61","26,155.29","25,966.01",257.85M,-0.13%
25-Feb-19,"26,091.95","26,126.15","26,241.42","26,080.66",281.60M,0.23%
22-Feb-19,"26,031.81","25,906.27","26,052.90","25,906.27",279.76M,0.70%
21-Feb-19,"25,850.63","25,922.41","25,938.88","25,762.21",255.71M,-0.40%
20-Feb-19,"25,954.44","25,872.26","25,986.20","25,846.48",287.88M,0.24%
19-Feb-19,"25,891.32","25,849.85","25,961.44","25,820.01",280.62M,0.03%
15-Feb-19,"25,883.25","25,564.63","25,883.72","25,564.63",328.53M,1.74%
14-Feb-19,"25,439.39","25,460.65","25,558.90","25,308.09",313.01M,-0.41%
13-Feb-19,"25,543.27","25,480.86","25,625.95","25,480.86",263.33M,0.46%
12-Feb-19,"25,425.76","25,152.03","25,458.98","25,152.03",278.11M,1.49%
11-Feb-19,"25,053.11","25,142.81","25,196.75","25,009.10",241.70M,-0.21%
8-Feb-19,"25,106.33","25,042.36","25,106.39","24,883.04",248.21M,-0.25%
7-Feb-19,"25,169.53","25,265.81","25,314.26","25,000.52",295.46M,-0.87%
6-Feb-19,"25,390.30","25,371.57","25,439.04","25,312.06",247.59M,-0.08%
5-Feb-19,"25,411.52","25,287.93","25,427.32","25,287.65",310.65M,0.68%
4-Feb-19,"25,239.37","25,062.12","25,239.91","24,977.67",298.54M,0.70%
1-Feb-19,"25,063.89","25,025.31","25,193.15","24,982.49",372.09M,0.26%
31-Jan-19,"24,999.67","24,954.48","25,049.62","24,842.09",507.35M,-0.06%
30-Jan-19,"25,014.86","24,826.52","25,109.62","24,790.90",397.33M,1.77%
29-Jan-19,"24,579.96","24,519.62","24,674.87","24,504.04",330.87M,0.21%
28-Jan-19,"24,528.22","24,596.98","24,596.98","24,323.94",347.17M,-0.84%
25-Jan-19,"24,737.20","24,687.21","24,860.15","24,676.75",376.89M,0.75%
24-Jan-19,"24,553.24","24,579.96","24,626.30","24,422.73",320.17M,-0.09%
23-Jan-19,"24,575.62","24,577.25","24,700.98","24,307.17",318.60M,0.70%
22-Jan-19,"24,404.48","24,607.76","24,607.76","24,244.31",338.48M,-1.22%
18-Jan-19,"24,706.35","24,534.19","24,750.22","24,459.03",372.97M,1.38%
17-Jan-19,"24,370.10","24,147.09","24,474.46","24,088.90",288.59M,0.67%
16-Jan-19,"24,207.16","24,139.91","24,288.61","24,119.72",302.83M,0.59%
15-Jan-19,"24,065.59","23,914.11","24,099.14","23,887.93",291.57M,0.65%
14-Jan-19,"23,909.84","23,880.53","23,964.90","23,765.24",277.56M,-0.36%
11-Jan-19,"23,995.95","23,940.01","23,996.32","23,798.16",262.65M,-0.02%
10-Jan-19,"24,001.92","23,811.11","24,014.78","23,703.25",338.15M,0.51%
9-Jan-19,"23,879.12","23,844.27","23,985.45","23,776.56",324.57M,0.39%
8-Jan-19,"23,787.45","23,680.32","23,864.65","23,581.45",317.42M,1.09%
7-Jan-19,"23,531.35","23,474.26","23,687.74","23,301.59",334.20M,0.42%
4-Jan-19,"23,433.16","22,894.92","23,518.64","22,894.92",396.02M,3.29%
3-Jan-19,"22,686.22","23,176.39","23,176.39","22,638.41",424.24M,-2.83%
2-Jan-19,"23,346.24","23,058.61","23,413.47","22,928.59",321.57M,0.08%
31-Dec-18,"23,327.46","23,153.94","23,333.18","23,118.30",288.83M,1.15%
28-Dec-18,"23,062.40","23,213.61","23,381.88","22,981.33",336.51M,-0.33%
27-Dec-18,"23,138.82","22,629.06","23,138.89","22,267.42",407.94M,1.14%
26-Dec-18,"22,878.45","21,857.73","22,878.92","21,712.53",433.08M,4.98%
24-Dec-18,"21,792.20","22,317.28","22,339.87","21,792.20",308.42M,-2.91%
21-Dec-18,"22,445.37","22,871.74","23,254.59","22,396.34",900.51M,-1.81%
20-Dec-18,"22,859.60","23,224.12","23,282.20","22,644.31",576.70M,-1.99%
19-Dec-18,"23,323.66","23,693.33","24,057.34","23,162.64",503.55M,-1.49%
18-Dec-18,"23,675.64","23,769.13","23,927.77","23,516.02",408.07M,0.35%
17-Dec-18,"23,592.98","23,986.83","24,088.08","23,456.88",466.74M,-2.11%
14-Dec-18,"24,100.51","24,408.04","24,431.14","24,033.79",416.94M,-2.02%
13-Dec-18,"24,597.38","24,575.86","24,740.96","24,473.29",299.97M,0.29%
12-Dec-18,"24,527.27","24,509.09","24,828.29","24,509.09",344.33M,0.64%
11-Dec-18,"24,370.24","24,719.91","24,791.26","24,221.06",342.96M,-0.22%
10-Dec-18,"24,423.26","24,360.95","24,500.81","23,881.37",389.69M,0.14%
7-Dec-18,"24,388.95","24,918.82","25,095.62","24,284.78",398.23M,-2.24%
6-Dec-18,"24,947.67","24,737.42","24,951.01","24,242.22",471.69M,-0.32%
4-Dec-18,"25,027.07","25,752.56","25,773.12","25,008.11",418.90M,-3.10%
3-Dec-18,"25,826.43","25,779.57","25,980.21","25,670.51",388.48M,1.13%
30-Nov-18,"25,538.46","25,307.14","25,549.71","25,250.97",482.25M,0.79%
29-Nov-18,"25,338.84","25,343.65","25,479.04","25,202.79",305.11M,-0.11%
28-Nov-18,"25,366.43","24,832.84","25,368.93","24,832.84",362.16M,2.50%
27-Nov-18,"24,748.73","24,557.02","24,750.73","24,416.03",308.25M,0.44%
26-Nov-18,"24,640.24","24,364.13","24,673.29","24,364.13",306.28M,1.46%
23-Nov-18,"24,285.95","24,336.40","24,408.80","24,268.74",155.94M,-0.73%
21-Nov-18,"24,464.69","24,541.65","24,669.79","24,463.28",289.37M,0.00%
20-Nov-18,"24,465.64","24,618.68","24,707.26","24,368.98",445.92M,-2.21%
19-Nov-18,"25,017.44","25,392.61","25,392.61","24,900.98",358.09M,-1.56%
16-Nov-18,"25,413.22","25,242.35","25,510.23","25,147.80",354.46M,0.49%
15-Nov-18,"25,289.27","25,061.48","25,354.56","24,787.79",392.75M,0.83%
14-Nov-18,"25,080.50","25,388.08","25,501.29","24,935.82",384.24M,-0.81%
13-Nov-18,"25,286.49","25,321.21","25,511.03","25,193.78",339.69M,-0.40%
12-Nov-18,"25,387.18","25,959.33","25,966.71","25,340.51",346.91M,-2.32%
9-Nov-18,"25,989.30","26,149.11","26,161.49","25,882.91",324.45M,-0.77%
8-Nov-18,"26,191.22","26,139.59","26,277.82","26,081.90",295.65M,0.04%
7-Nov-18,"26,180.30","25,788.46","26,200.14","25,765.88",361.78M,2.13%
6-Nov-18,"25,635.01","25,452.83","25,651.86","25,444.90",265.45M,0.68%
5-Nov-18,"25,461.70","25,261.47","25,507.35","25,261.47",334.74M,0.76%
2-Nov-18,"25,270.83","25,443.60","25,578.98","25,078.72",429.48M,-0.43%
1-Nov-18,"25,380.74","25,142.08","25,396.47","25,108.11",383.97M,1.06%
31-Oct-18,"25,115.76","25,008.82","25,336.55","25,008.82",448.93M,0.97%
30-Oct-18,"24,874.64","24,482.04","24,906.68","24,415.69",470.05M,1.77%
29-Oct-18,"24,442.92","24,818.98","25,040.58","24,122.23",443.85M,-0.99%
26-Oct-18,"24,688.31","24,770.25","24,916.16","24,445.19",505.31M,-1.19%
25-Oct-18,"24,984.55","24,736.54","25,104.29","24,645.56",439.67M,1.63%
24-Oct-18,"24,583.42","25,172.88","25,306.23","24,533.19",496.40M,-2.41%
23-Oct-18,"25,191.43","25,038.46","25,307.70","24,768.79",436.43M,-0.50%
22-Oct-18,"25,317.41","25,492.14","25,561.34","25,236.05",314.94M,-0.50%
19-Oct-18,"25,444.34","25,421.09","25,608.71","25,350.02",350.81M,0.26%
18-Oct-18,"25,379.45","25,645.56","25,691.46","25,236.01",328.02M,-1.27%
17-Oct-18,"25,706.68","25,705.87","25,810.09","25,479.16",298.21M,-0.36%
16-Oct-18,"25,798.42","25,351.53","25,817.68","25,351.53",305.80M,2.17%
15-Oct-18,"25,250.55","25,332.46","25,482.42","25,243.88",287.32M,-0.35%
12-Oct-18,"25,339.99","25,407.63","25,467.55","25,000.83",397.51M,1.15%
11-Oct-18,"25,052.83","25,518.39","25,683.64","24,899.77",522.88M,-2.13%
10-Oct-18,"25,598.74","26,441.73","26,441.73","25,593.65",438.20M,-3.15%
9-Oct-18,"26,430.57","26,469.19","26,539.94","26,324.16",282.56M,-0.21%
8-Oct-18,"26,486.78","26,399.45","26,529.35","26,223.09",273.02M,0.15%
5-Oct-18,"26,447.05","26,632.77","26,676.16","26,301.81",267.10M,-0.68%
4-Oct-18,"26,627.48","26,784.08","26,793.82","26,471.61",289.60M,-0.75%
3-Oct-18,"26,828.39","26,833.47","26,951.81","26,789.08",280.13M,0.20%
2-Oct-18,"26,773.94","26,648.91","26,824.78","26,627.66",258.29M,0.46%
1-Oct-18,"26,651.21","26,598.36","26,737.98","26,596.05",238.32M,0.73%
28-Sep-18,"26,458.31","26,407.66","26,515.76","26,383.57",264.03M,0.07%
27-Sep-18,"26,439.93","26,418.27","26,557.01","26,379.95",226.35M,0.21%
26-Sep-18,"26,385.28","26,536.86","26,606.09","26,349.34",262.62M,-0.40%
25-Sep-18,"26,492.21","26,601.58","26,634.85","26,475.58",234.11M,-0.26%
24-Sep-18,"26,562.05","26,705.25","26,709.94","26,548.68",254.85M,-0.68%
21-Sep-18,"26,743.50","26,726.25","26,769.16","26,680.37",657.62M,0.32%
20-Sep-18,"26,656.98","26,519.39","26,697.49","26,519.39",260.48M,0.95%
19-Sep-18,"26,405.76","26,287.84","26,464.41","26,280.76",251.33M,0.61%
18-Sep-18,"26,246.96","26,076.21","26,317.34","26,076.21",243.00M,0.71%
17-Sep-18,"26,062.12","26,151.66","26,184.47","26,030.35",230.23M,-0.35%
14-Sep-18,"26,154.67","26,169.56","26,211.11","26,068.29",228.64M,0.03%
13-Sep-18,"26,145.99","26,083.94","26,191.64","26,067.08",260.80M,0.57%
12-Sep-18,"25,998.92","25,989.07","26,145.72","25,929.43",282.77M,0.11%
11-Sep-18,"25,971.06","25,841.14","26,019.92","25,754.32",265.96M,0.44%
10-Sep-18,"25,857.07","25,991.91","26,039.96","25,854.13",252.17M,-0.23%
7-Sep-18,"25,916.54","25,951.02","26,002.99","25,818.39",281.35M,-0.31%
6-Sep-18,"25,995.87","25,973.02","26,073.68","25,880.84",262.38M,0.08%
5-Sep-18,"25,974.99","25,919.84","26,011.22","25,871.04",289.21M,0.09%
4-Sep-18,"25,952.48","25,916.07","25,971.77","25,805.95",254.60M,-0.05%
31-Aug-18,"25,964.82","25,964.85","26,028.83","25,879.77",273.44M,-0.09%
30-Aug-18,"25,986.92","26,099.01","26,104.37","25,934.80",240.44M,-0.53%
29-Aug-18,"26,124.57","26,082.53","26,167.94","26,035.30",214.96M,0.23%
28-Aug-18,"26,064.02","26,092.70","26,122.24","26,037.85",211.47M,0.06%
27-Aug-18,"26,049.64","25,882.71","26,067.57","25,882.71",220.51M,1.01%
24-Aug-18,"25,790.35","25,688.58","25,826.05","25,688.58",200.33M,0.52%
23-Aug-18,"25,656.98","25,714.86","25,762.56","25,608.02",213.27M,-0.30%
22-Aug-18,"25,733.60","25,825.06","25,836.16","25,722.43",200.48M,-0.34%
21-Aug-18,"25,822.29","25,786.99","25,888.82","25,784.90",241.62M,0.25%
20-Aug-18,"25,758.69","25,727.70","25,790.17","25,716.41",248.57M,0.35%
17-Aug-18,"25,669.32","25,550.80","25,728.16","25,521.66",284.16M,0.43%
16-Aug-18,"25,558.73","25,294.97","25,607.34","25,294.97",342.43M,1.58%
15-Aug-18,"25,162.41","25,235.37","25,235.37","24,965.77",295.81M,-0.54%
14-Aug-18,"25,299.92","25,215.69","25,339.51","25,201.87",219.21M,0.45%
13-Aug-18,"25,187.70","25,327.19","25,381.39","25,153.93",219.99M,-0.50%
10-Aug-18,"25,313.14","25,401.19","25,401.19","25,222.88",234.48M,-0.77%
9-Aug-18,"25,509.23","25,589.79","25,613.31","25,492.69",214.97M,-0.29%
8-Aug-18,"25,583.75","25,615.72","25,634.11","25,557.48",217.77M,-0.18%
7-Aug-18,"25,628.91","25,551.65","25,692.72","25,551.65",239.91M,0.50%
6-Aug-18,"25,502.18","25,437.43","25,540.02","25,381.38",238.99M,0.16%
3-Aug-18,"25,462.58","25,360.37","25,467.90","25,325.17",239.02M,0.54%
2-Aug-18,"25,326.16","25,256.45","25,360.48","25,120.07",307.70M,-0.03%
1-Aug-18,"25,333.82","25,461.63","25,488.80","25,278.32",315.88M,-0.32%
31-Jul-18,"25,415.19","25,345.21","25,490.98","25,345.21",348.70M,0.43%
30-Jul-18,"25,306.83","25,439.32","25,500.16","25,287.38",296.88M,-0.57%
27-Jul-18,"25,451.06","25,520.52","25,580.22","25,370.07",329.68M,-0.30%
26-Jul-18,"25,527.07","25,468.55","25,587.24","25,463.16",297.53M,0.44%
25-Jul-18,"25,414.10","25,183.70","25,432.87","25,113.55",273.67M,0.68%
24-Jul-18,"25,241.94","25,092.43","25,286.62","25,092.43",274.94M,0.79%
23-Jul-18,"25,044.29","25,036.90","25,081.45","24,983.33",228.82M,-0.06%
20-Jul-18,"25,058.12","25,041.14","25,124.10","24,986.35",274.08M,-0.03%
19-Jul-18,"25,064.50","25,139.15","25,154.17","25,052.62",285.76M,-0.53%
18-Jul-18,"25,199.29","25,133.79","25,215.32","25,101.12",252.87M,0.32%
17-Jul-18,"25,119.89","25,033.92","25,155.39","24,989.61",250.45M,0.22%
16-Jul-18,"25,064.36","25,025.58","25,072.41","24,979.64",231.27M,0.18%
13-Jul-18,"25,019.41","24,926.07","25,043.21","24,890.06",255.52M,0.38%
12-Jul-18,"24,924.89","24,802.90","24,939.97","24,802.90",233.15M,0.91%
11-Jul-18,"24,700.45","24,789.48","24,815.16","24,663.82",237.37M,-0.88%
10-Jul-18,"24,919.66","24,806.97","24,945.38","24,806.97",235.04M,0.58%
9-Jul-18,"24,776.59","24,519.20","24,796.52","24,518.43",240.58M,1.31%
6-Jul-18,"24,456.48","24,352.47","24,520.29","24,281.47",219.45M,0.41%
5-Jul-18,"24,356.74","24,285.82","24,372.80","24,177.44",237.67M,0.75%
3-Jul-18,"24,174.82","24,359.39","24,444.88","24,150.85",160.96M,-0.54%
2-Jul-18,"24,307.18","24,161.53","24,319.42","24,077.56",244.11M,0.15%
29-Jun-18,"24,271.41","24,323.93","24,509.52","24,269.71",329.07M,0.23%
28-Jun-18,"24,216.05","24,064.19","24,308.16","23,997.21",305.02M,0.41%
27-Jun-18,"24,117.59","24,303.11","24,569.02","24,115.82",313.79M,-0.68%
26-Jun-18,"24,283.11","24,281.89","24,384.21","24,241.22",301.13M,0.12%
25-Jun-18,"24,252.80","24,463.73","24,463.73","24,084.39",439.13M,-1.33%
22-Jun-18,"24,580.89","24,526.97","24,663.18","24,526.97",473.97M,0.49%
21-Jun-18,"24,461.70","24,639.21","24,639.21","24,406.63",349.57M,-0.80%
20-Jun-18,"24,657.80","24,771.17","24,804.76","24,628.39",359.52M,-0.17%
19-Jun-18,"24,700.21","24,763.59","24,763.59","24,567.75",376.38M,-1.15%
18-Jun-18,"24,987.47","24,944.28","25,003.10","24,825.77",337.07M,-0.41%
15-Jun-18,"25,090.48","25,116.71","25,130.82","24,894.38",659.37M,-0.34%
14-Jun-18,"25,175.31","25,254.65","25,332.50","25,138.60",341.17M,-0.10%
13-Jun-18,"25,201.20","25,328.65","25,362.07","25,191.42",329.70M,-0.47%
12-Jun-18,"25,320.73","25,346.82","25,364.37","25,247.04",265.75M,-0.01%
11-Jun-18,"25,322.31","25,336.67","25,402.83","25,290.20",276.74M,0.02%
8-Jun-18,"25,316.53","25,209.29","25,325.63","25,165.70",317.51M,0.30%
7-Jun-18,"25,241.41","25,192.14","25,326.09","25,164.48",357.68M,0.38%
6-Jun-18,"25,146.39","24,854.14","25,146.46","24,854.14",316.09M,1.40%
5-Jun-18,"24,799.98","24,820.12","24,838.78","24,710.82",306.34M,-0.06%
4-Jun-18,"24,813.69","24,727.55","24,859.37","24,722.14",340.40M,0.72%
1-Jun-18,"24,635.21","24,542.09","24,673.60","24,542.09",315.71M,0.90%
31-May-18,"24,415.84","24,620.79","24,620.79","24,352.15",429.74M,-1.02%
30-May-18,"24,667.78","24,467.83","24,714.48","24,459.09",324.87M,1.26%
29-May-18,"24,361.45","24,606.59","24,635.18","24,247.84",395.81M,-1.58%
25-May-18,"24,753.09","24,781.29","24,824.22","24,687.81",257.21M,-0.24%
24-May-18,"24,811.76","24,877.36","24,877.36","24,605.90",347.05M,-0.30%
23-May-18,"24,886.81","24,757.71","24,889.46","24,667.12",399.61M,0.21%
22-May-18,"24,834.41","25,047.55","25,064.99","24,812.06",288.20M,-0.72%
21-May-18,"25,013.29","24,883.06","25,086.49","24,883.06",308.92M,1.21%
18-May-18,"24,715.09","24,707.72","24,774.97","24,664.87",269.70M,0.00%
17-May-18,"24,713.98","24,752.40","24,839.49","24,639.40",314.65M,-0.22%
16-May-18,"24,768.93","24,722.32","24,801.19","24,672.79",280.81M,0.25%
15-May-18,"24,706.41","24,809.55","24,809.55","24,629.39",301.90M,-0.78%
14-May-18,"24,899.41","24,879.37","24,994.19","24,862.52",282.86M,0.27%
11-May-18,"24,831.17","24,758.64","24,868.65","24,717.50",274.15M,0.37%
10-May-18,"24,739.53","24,591.66","24,794.99","24,575.91",304.21M,0.80%
9-May-18,"24,542.54","24,399.18","24,586.48","24,323.87",361.58M,0.75%
8-May-18,"24,360.21","24,341.35","24,412.34","24,198.34",344.94M,0.01%
7-May-18,"24,357.32","24,317.66","24,479.45","24,263.42",307.67M,0.39%
4-May-18,"24,262.51","23,865.22","24,333.35","23,778.87",329.48M,1.39%
3-May-18,"23,930.15","23,836.23","23,996.15","23,531.31",389.24M,0.02%
2-May-18,"23,924.98","24,097.63","24,185.52","23,886.30",385.35M,-0.72%
1-May-18,"24,099.05","24,117.29","24,117.29","23,808.19",380.07M,-0.27%
30-Apr-18,"24,163.15","24,410.41","24,498.23","24,163.08",416.65M,-0.61%
27-Apr-18,"24,311.19","24,342.14","24,359.38","24,194.45",392.81M,-0.05%
26-Apr-18,"24,322.34","24,128.72","24,402.46","24,128.72",390.36M,0.99%
25-Apr-18,"24,083.83","24,070.20","24,146.34","23,823.08",437.10M,0.25%
24-Apr-18,"24,024.13","24,579.94","24,579.94","23,828.73",468.18M,-1.74%
23-Apr-18,"24,448.69","24,488.07","24,536.89","24,328.54",351.03M,-0.06%
20-Apr-18,"24,462.94","24,657.39","24,678.07","24,375.04",537.77M,-0.82%
19-Apr-18,"24,664.89","24,711.30","24,762.48","24,557.03",381.11M,-0.34%
18-Apr-18,"24,748.07","24,820.85","24,832.54","24,721.09",302.03M,-0.16%
17-Apr-18,"24,786.63","24,681.79","24,858.97","24,681.79",342.41M,0.87%
16-Apr-18,"24,573.04","24,483.15","24,675.36","24,480.20",305.07M,0.87%
13-Apr-18,"24,360.14","24,582.82","24,646.45","24,243.74",331.89M,-0.50%
12-Apr-18,"24,483.05","24,302.82","24,592.12","24,302.82",336.13M,1.21%
11-Apr-18,"24,189.45","24,274.19","24,366.57","24,150.87",286.36M,-0.90%
10-Apr-18,"24,408.00","24,198.95","24,511.35","24,198.95",368.59M,1.79%
9-Apr-18,"23,979.10","24,037.52","24,373.18","23,954.83",380.79M,0.19%
6-Apr-18,"23,932.76","24,373.60","24,434.40","23,738.20",395.99M,-2.34%
5-Apr-18,"24,505.22","24,313.91","24,622.26","24,313.91",347.79M,0.99%
4-Apr-18,"24,264.30","23,654.15","24,308.96","23,523.16",388.54M,0.96%
3-Apr-18,"24,033.36","23,698.33","24,044.35","23,664.33",394.13M,1.65%
2-Apr-18,"23,644.19","24,076.60","24,123.80","23,344.52",509.82M,-1.90%
29-Mar-18,"24,103.11","23,949.18","24,314.30","23,928.13",463.55M,1.07%
28-Mar-18,"23,848.42","23,883.08","24,092.47","23,728.67",530.04M,-0.04%
27-Mar-18,"23,857.71","24,276.62","24,446.22","23,708.73",524.48M,-1.43%
26-Mar-18,"24,202.60","23,825.74","24,232.30","23,741.22",479.54M,2.84%
23-Mar-18,"23,533.20","23,995.18","24,108.47","23,509.06",482.55M,-1.77%
22-Mar-18,"23,957.89","24,526.01","24,526.01","23,938.74",439.28M,-2.93%
21-Mar-18,"24,682.31","24,723.49","24,977.65","24,655.40",343.23M,-0.18%
20-Mar-18,"24,727.27","24,650.64","24,803.61","24,650.64",342.51M,0.47%
19-Mar-18,"24,610.91","24,893.69","24,893.69","24,453.14",377.99M,-1.35%
16-Mar-18,"24,946.51","24,877.34","25,031.00","24,857.09",654.24M,0.29%
15-Mar-18,"24,873.66","24,837.29","25,053.87","24,753.29",316.31M,0.47%
14-Mar-18,"24,758.12","25,086.97","25,130.12","24,668.83",356.83M,-1.00%
13-Mar-18,"25,007.03","25,257.75","25,376.40","24,947.50",447.88M,-0.68%
12-Mar-18,"25,178.61","25,372.44","25,449.15","25,152.02",362.58M,-0.62%
9-Mar-18,"25,335.74","25,004.89","25,336.33","25,004.89",371.57M,1.77%
8-Mar-18,"24,895.21","24,853.41","24,950.49","24,703.05",327.30M,0.38%
7-Mar-18,"24,801.36","24,758.15","24,849.68","24,535.12",394.07M,-0.33%
6-Mar-18,"24,884.12","24,965.89","24,995.24","24,708.41",331.77M,0.04%
5-Mar-18,"24,874.76","24,471.31","24,961.00","24,387.15",383.91M,1.37%
2-Mar-18,"24,538.06","24,394.91","24,592.46","24,217.76",437.13M,-0.29%
1-Mar-18,"24,608.98","25,024.04","25,185.35","24,442.56",506.28M,-1.68%
28-Feb-18,"25,029.20","25,485.15","25,576.15","25,022.42",451.87M,-1.50%
27-Feb-18,"25,410.03","25,735.78","25,800.35","25,407.83",438.39M,-1.16%
26-Feb-18,"25,709.27","25,403.35","25,732.80","25,398.56",473.36M,1.58%
23-Feb-18,"25,309.99","25,050.51","25,313.91","25,028.73",335.42M,1.39%
22-Feb-18,"24,962.48","24,855.41","25,156.72","24,854.83",378.90M,0.66%
21-Feb-18,"24,797.78","24,988.06","25,267.99","24,792.99",456.07M,-0.67%
20-Feb-18,"24,964.75","25,124.91","25,179.01","24,884.19",421.51M,-1.01%
16-Feb-18,"25,219.38","25,165.94","25,432.42","25,149.26",406.73M,0.08%
15-Feb-18,"25,200.37","25,047.82","25,203.95","24,809.42",416.78M,1.23%
14-Feb-18,"24,893.49","24,535.82","24,925.95","24,490.36",431.16M,1.03%
13-Feb-18,"24,640.45","24,540.33","24,705.72","24,421.03",374.41M,0.16%
12-Feb-18,"24,601.27","24,337.76","24,765.16","24,290.48",496.61M,1.70%
9-Feb-18,"24,190.90","23,992.67","24,382.14","23,360.29",735.03M,1.38%
8-Feb-18,"23,860.46","24,902.30","24,903.68","23,849.23",657.50M,-4.15%
7-Feb-18,"24,893.35","24,892.87","25,293.96","24,785.44",504.62M,-0.08%
6-Feb-18,"24,912.77","24,085.17","24,946.23","23,778.74",823.94M,2.33%
5-Feb-18,"24,345.75","25,337.87","25,520.53","23,923.88",714.45M,-4.60%
2-Feb-18,"25,520.96","26,061.79","26,061.79","25,490.66",522.88M,-2.54%
1-Feb-18,"26,186.71","26,083.04","26,306.70","26,014.44",410.62M,0.14%
31-Jan-18,"26,149.39","26,268.17","26,338.03","26,050.98",479.13M,0.28%
30-Jan-18,"26,076.89","26,198.45","26,256.99","26,028.42",448.33M,-1.37%
29-Jan-18,"26,439.48","26,584.28","26,608.90","26,435.34",421.00M,-0.67%
26-Jan-18,"26,616.71","26,466.74","26,616.71","26,425.35",477.78M,0.85%
25-Jan-18,"26,392.79","26,313.06","26,458.25","26,259.72",401.39M,0.54%
24-Jan-18,"26,252.12","26,282.07","26,392.80","26,106.94",518.79M,0.16%
23-Jan-18,"26,210.81","26,214.87","26,246.19","26,143.90",433.49M,-0.01%
22-Jan-18,"26,214.60","26,025.32","26,215.23","25,974.65",431.20M,0.55%
19-Jan-18,"26,071.72","25,987.35","26,071.72","25,942.83",585.00M,0.21%
18-Jan-18,"26,017.81","26,149.55","26,153.42","25,947.32",492.78M,-0.37%
17-Jan-18,"26,115.65","25,910.78","26,130.45","25,865.02",522.72M,1.25%
16-Jan-18,"25,792.86","25,987.62","26,086.12","25,702.99",606.52M,-0.04%
12-Jan-18,"25,803.19","25,638.39","25,810.43","25,633.08",376.39M,0.89%
11-Jan-18,"25,574.73","25,398.60","25,575.42","25,396.19",346.83M,0.81%
10-Jan-18,"25,369.13","25,348.13","25,404.92","25,256.99",341.47M,-0.07%
9-Jan-18,"25,385.80","25,312.05","25,439.78","25,308.41",333.49M,0.41%
8-Jan-18,"25,283.00","25,308.40","25,311.99","25,235.41",341.39M,-0.05%
5-Jan-18,"25,295.87","25,114.92","25,299.79","25,112.01",358.02M,0.88%
4-Jan-18,"25,075.13","24,964.86","25,105.96","24,963.27",403.28M,0.61%
3-Jan-18,"24,922.68","24,850.45","24,941.92","24,825.55",456.79M,0.40%
2-Jan-18,"24,824.01","24,809.35","24,864.19","24,741.70",341.13M,0.42%
29-Dec-17,"24,719.22","24,849.63","24,871.66","24,719.22",270.76M,-0.48%
28-Dec-17,"24,837.51","24,807.21","24,839.23","24,797.13",200.96M,0.26%
27-Dec-17,"24,774.30","24,766.52","24,789.52","24,731.68",225.89M,0.11%
26-Dec-17,"24,746.21","24,715.84","24,778.13","24,708.42",208.29M,-0.03%
22-Dec-17,"24,754.06","24,764.04","24,784.15","24,717.51",255.14M,-0.11%
21-Dec-17,"24,782.29","24,778.26","24,850.91","24,766.27",339.53M,0.23%
20-Dec-17,"24,726.65","24,838.09","24,852.44","24,697.11",341.79M,-0.11%
19-Dec-17,"24,754.75","24,834.38","24,850.11","24,715.60",335.33M,-0.15%
18-Dec-17,"24,792.20","24,739.56","24,876.07","24,739.56",354.88M,0.57%
15-Dec-17,"24,651.74","24,585.71","24,688.62","24,584.44",635.74M,0.58%
14-Dec-17,"24,508.66","24,631.01","24,672.48","24,508.66",314.78M,-0.31%
13-Dec-17,"24,585.43","24,525.19","24,666.02","24,518.30",325.28M,0.33%
12-Dec-17,"24,504.80","24,452.96","24,552.97","24,443.83",342.22M,0.49%
11-Dec-17,"24,386.03","24,338.11","24,389.72","24,314.74",300.58M,0.23%
8-Dec-17,"24,329.16","24,263.26","24,330.12","24,225.50",293.59M,0.49%
7-Dec-17,"24,211.48","24,116.60","24,262.88","24,101.24",319.06M,0.29%
6-Dec-17,"24,140.91","24,157.85","24,229.19","24,134.49",312.72M,-0.16%
5-Dec-17,"24,180.64","24,335.01","24,349.74","24,155.28",371.19M,-0.45%
4-Dec-17,"24,290.05","24,424.11","24,534.04","24,288.19",424.25M,0.24%
1-Dec-17,"24,231.59","24,305.40","24,322.06","23,921.90",417.91M,-0.17%
30-Nov-17,"24,272.35","24,013.80","24,327.82","24,013.80",488.20M,1.39%
29-Nov-17,"23,940.68","23,883.26","23,959.76","23,872.59",401.41M,0.44%
28-Nov-17,"23,836.71","23,625.19","23,849.61","23,617.11",319.24M,1.09%
27-Nov-17,"23,580.78","23,552.86","23,638.92","23,545.02",296.32M,0.10%
24-Nov-17,"23,557.99","23,552.75","23,599.18","23,551.59",118.61M,0.14%
22-Nov-17,"23,526.18","23,597.24","23,605.77","23,507.61",268.76M,-0.27%
21-Nov-17,"23,590.83","23,500.15","23,617.80","23,500.15",329.65M,0.69%
20-Nov-17,"23,430.33","23,370.71","23,456.88","23,360.58",315.33M,0.31%
17-Nov-17,"23,358.24","23,433.77","23,433.77","23,356.01",386.00M,-0.43%
16-Nov-17,"23,458.36","23,365.34","23,492.19","23,365.34",402.02M,0.80%
15-Nov-17,"23,271.28","23,334.59","23,344.99","23,242.75",404.30M,-0.59%
14-Nov-17,"23,409.47","23,388.40","23,414.08","23,271.57",561.33M,-0.13%
13-Nov-17,"23,439.70","23,367.47","23,461.68","23,343.34",491.26M,0.07%
10-Nov-17,"23,422.21","23,432.71","23,452.20","23,392.96",351.28M,-0.17%
9-Nov-17,"23,461.94","23,492.09","23,516.74","23,310.02",305.44M,-0.43%
8-Nov-17,"23,563.36","23,542.60","23,575.00","23,510.56",264.67M,0.03%
7-Nov-17,"23,557.23","23,574.03","23,602.12","23,484.19",285.08M,0.04%
6-Nov-17,"23,548.42","23,533.96","23,574.86","23,520.75",325.19M,0.04%
3-Nov-17,"23,539.19","23,549.59","23,557.06","23,481.57",312.25M,0.10%
2-Nov-17,"23,516.26","23,463.24","23,531.38","23,350.98",348.04M,0.35%
1-Nov-17,"23,435.01","23,442.90","23,517.71","23,388.91",361.26M,0.25%
31-Oct-17,"23,377.24","23,369.22","23,406.35","23,334.39",388.05M,0.12%
30-Oct-17,"23,348.74","23,405.75","23,428.75","23,327.87",436.90M,-0.36%
27-Oct-17,"23,434.19","23,419.16","23,449.40","23,353.16",518.87M,0.14%
26-Oct-17,"23,400.86","23,380.89","23,459.84","23,380.89",370.60M,0.31%
25-Oct-17,"23,329.46","23,431.09","23,451.51","23,251.11",399.56M,-0.48%
24-Oct-17,"23,441.76","23,346.78","23,485.25","23,343.23",406.85M,0.72%
23-Oct-17,"23,273.96","23,348.95","23,368.37","23,273.96",456.83M,-0.23%
20-Oct-17,"23,328.63","23,205.18","23,328.84","23,201.78",474.38M,0.71%
19-Oct-17,"23,163.04","23,107.47","23,167.24","23,052.67",350.40M,0.02%
18-Oct-17,"23,157.60","23,087.13","23,172.93","23,086.75",271.87M,0.70%
17-Oct-17,"22,997.44","22,952.41","23,002.20","22,948.23",273.09M,0.18%
16-Oct-17,"22,956.96","22,892.92","22,960.12","22,887.12",247.18M,0.37%
13-Oct-17,"22,871.72","22,876.43","22,905.33","22,855.93",259.56M,0.13%
12-Oct-17,"22,841.01","22,854.85","22,884.82","22,821.13",291.79M,-0.14%
11-Oct-17,"22,872.89","22,827.65","22,872.89","22,821.66",316.00M,0.18%
10-Oct-17,"22,830.68","22,784.76","22,850.51","22,770.99",319.27M,0.31%
9-Oct-17,"22,761.07","22,779.73","22,803.37","22,739.38",310.77M,-0.06%
6-Oct-17,"22,773.67","22,762.03","22,773.67","22,730.85",221.45M,-0.01%
5-Oct-17,"22,775.39","22,669.08","22,777.04","22,655.14",246.40M,0.50%
4-Oct-17,"22,661.64","22,645.67","22,685.94","22,632.80",235.73M,0.09%
3-Oct-17,"22,641.67","22,564.45","22,646.32","22,562.90",238.83M,0.37%
2-Oct-17,"22,557.60","22,423.47","22,559.38","22,416.00",268.53M,0.68%
29-Sep-17,"22,405.09","22,358.47","22,405.63","22,332.96",274.79M,0.11%
28-Sep-17,"22,381.20","22,306.83","22,394.74","22,288.97",263.01M,0.18%
27-Sep-17,"22,340.71","22,330.93","22,371.10","22,254.93",342.90M,0.25%
26-Sep-17,"22,284.32","22,322.03","22,369.35","22,279.52",285.99M,-0.05%
25-Sep-17,"22,296.09","22,320.47","22,359.88","22,219.11",332.43M,-0.24%
22-Sep-17,"22,349.59","22,334.07","22,364.31","22,299.58",297.14M,-0.04%
21-Sep-17,"22,359.23","22,414.02","22,419.51","22,356.55",287.39M,-0.24%
20-Sep-17,"22,412.59","22,351.38","22,413.26","22,314.68",334.56M,0.19%
19-Sep-17,"22,370.80","22,349.70","22,386.01","22,340.71",295.57M,0.18%
18-Sep-17,"22,331.35","22,297.92","22,355.62","22,283.35",302.74M,0.28%
15-Sep-17,"22,268.34","22,252.44","22,275.02","22,214.52",527.54M,0.29%
14-Sep-17,"22,203.48","22,144.96","22,216.44","22,135.26",297.78M,0.20%
13-Sep-17,"22,158.18","22,103.47","22,158.18","22,095.79",291.89M,0.18%
12-Sep-17,"22,118.86","22,090.56","22,134.57","22,087.09",364.58M,0.28%
11-Sep-17,"22,057.37","21,927.79","22,067.10","21,927.79",312.77M,1.19%
8-Sep-17,"21,797.79","21,764.43","21,846.63","21,731.12",289.40M,0.06%
7-Sep-17,"21,784.78","21,820.38","21,850.01","21,745.71",333.81M,-0.10%
6-Sep-17,"21,807.64","21,815.76","21,849.24","21,794.07",318.76M,0.25%
5-Sep-17,"21,753.31","21,912.37","21,921.09","21,709.63",332.84M,-1.07%
1-Sep-17,"21,987.56","21,981.77","22,038.97","21,974.91",256.24M,0.18%
31-Aug-17,"21,948.10","21,936.01","21,985.76","21,910.50",376.79M,0.25%
30-Aug-17,"21,892.43","21,859.76","21,914.26","21,839.47",242.84M,0.12%
29-Aug-17,"21,865.37","21,718.00","21,879.22","21,673.58",227.34M,0.26%
28-Aug-17,"21,808.40","21,832.50","21,861.49","21,767.94",218.74M,-0.02%
25-Aug-17,"21,813.67","21,819.08","21,906.86","21,812.81",217.57M,0.14%
24-Aug-17,"21,783.40","21,839.90","21,870.11","21,765.82",228.48M,-0.13%
23-Aug-17,"21,812.09","21,850.27","21,866.66","21,808.39",234.81M,-0.40%
22-Aug-17,"21,899.89","21,739.78","21,912.83","21,738.13",244.98M,0.90%
21-Aug-17,"21,703.75","21,671.36","21,718.74","21,600.34",277.88M,0.13%
18-Aug-17,"21,674.51","21,724.88","21,793.35","21,641.63",309.07M,-0.35%
17-Aug-17,"21,750.73","21,984.74","21,984.74","21,750.32",311.03M,-1.24%
16-Aug-17,"22,024.87","22,031.93","22,085.71","22,002.47",264.92M,0.12%
15-Aug-17,"21,998.99","22,029.91","22,038.92","21,971.48",269.07M,0.02%
14-Aug-17,"21,993.71","21,945.64","22,019.23","21,945.64",235.03M,0.62%
11-Aug-17,"21,858.32","21,883.32","21,911.09","21,842.74",237.79M,0.07%
10-Aug-17,"21,844.01","21,988.20","21,988.20","21,843.94",303.31M,-0.93%
9-Aug-17,"22,048.70","22,022.34","22,057.19","21,996.69",277.80M,-0.17%
8-Aug-17,"22,085.34","22,095.14","22,179.11","22,057.29",262.00M,-0.15%
7-Aug-17,"22,118.42","22,100.20","22,121.15","22,081.97",213.01M,0.12%
4-Aug-17,"22,092.81","22,058.39","22,092.81","22,024.64",253.64M,0.30%
3-Aug-17,"22,026.10","22,007.58","22,044.85","21,991.32",278.73M,0.04%
2-Aug-17,"22,016.24","22,004.36","22,036.10","21,967.46",336.82M,0.24%
1-Aug-17,"21,963.92","21,961.42","21,990.96","21,940.81",328.41M,0.33%
31-Jul-17,"21,891.12","21,863.39","21,929.80","21,861.71",307.61M,0.28%
28-Jul-17,"21,830.31","21,787.51","21,841.18","21,756.12",285.63M,0.15%
27-Jul-17,"21,796.55","21,717.42","21,798.47","21,687.85",407.32M,0.39%
26-Jul-17,"21,711.01","21,690.38","21,742.70","21,683.29",278.24M,0.45%
25-Jul-17,"21,613.43","21,638.56","21,670.62","21,577.37",304.30M,0.47%
24-Jul-17,"21,513.17","21,577.78","21,577.78","21,496.13",284.08M,-0.31%
21-Jul-17,"21,580.07","21,591.72","21,592.61","21,503.78",362.83M,-0.15%
20-Jul-17,"21,611.78","21,641.54","21,661.91","21,576.96",313.95M,-0.13%
19-Jul-17,"21,640.75","21,569.25","21,640.75","21,565.84",253.04M,0.31%
18-Jul-17,"21,574.73","21,589.94","21,589.94","21,471.14",251.11M,-0.25%
17-Jul-17,"21,629.72","21,633.97","21,661.81","21,617.66",244.78M,-0.04%
14-Jul-17,"21,637.74","21,532.77","21,681.53","21,521.72",235.59M,0.39%
13-Jul-17,"21,553.09","21,537.19","21,568.72","21,512.36",232.27M,0.10%
12-Jul-17,"21,532.14","21,467.93","21,580.79","21,467.93",267.87M,0.57%
11-Jul-17,"21,409.07","21,410.17","21,441.62","21,279.30",247.57M,0.00%
10-Jul-17,"21,408.52","21,381.23","21,446.39","21,371.11",270.34M,-0.03%
7-Jul-17,"21,414.34","21,354.66","21,425.82","21,350.72",242.24M,0.44%
6-Jul-17,"21,320.04","21,423.93","21,433.10","21,305.38",320.45M,-0.74%
5-Jul-17,"21,478.17","21,492.83","21,505.36","21,404.76",273.69M,-0.01%
3-Jul-17,"21,479.27","21,392.30","21,562.75","21,391.71",186.81M,0.61%
30-Jun-17,"21,349.63","21,348.60","21,426.12","21,325.08",313.26M,0.29%
29-Jun-17,"21,287.03","21,487.38","21,487.38","21,197.08",336.75M,-0.78%
28-Jun-17,"21,454.61","21,372.36","21,478.75","21,372.36",271.51M,0.68%
27-Jun-17,"21,310.66","21,411.19","21,440.60","21,310.66",292.17M,-0.46%
26-Jun-17,"21,409.55","21,434.68","21,506.21","21,381.25",241.88M,0.07%
23-Jun-17,"21,394.76","21,380.92","21,421.79","21,333.89",368.40M,-0.01%
22-Jun-17,"21,397.29","21,407.98","21,456.47","21,394.81",270.68M,-0.06%
21-Jun-17,"21,410.03","21,466.39","21,492.62","21,390.00",292.50M,-0.27%
20-Jun-17,"21,467.14","21,521.25","21,535.03","21,464.24",310.20M,-0.29%
19-Jun-17,"21,528.99","21,444.75","21,528.99","21,436.08",289.40M,0.68%
16-Jun-17,"21,384.28","21,335.93","21,384.42","21,308.01",603.26M,0.11%
15-Jun-17,"21,359.90","21,291.69","21,367.28","21,261.87",317.20M,-0.07%
14-Jun-17,"21,374.56","21,342.71","21,391.97","21,294.09",295.09M,0.22%
13-Jun-17,"21,328.47","21,256.83","21,332.77","21,256.83",323.51M,0.44%
12-Jun-17,"21,235.67","21,259.95","21,277.08","21,186.15",528.08M,-0.17%
9-Jun-17,"21,271.97","21,208.96","21,305.35","21,159.45",397.20M,0.42%
8-Jun-17,"21,182.53","21,169.76","21,265.69","21,138.16",330.33M,0.04%
7-Jun-17,"21,173.69","21,171.57","21,189.84","21,113.31",273.40M,0.18%
6-Jun-17,"21,136.23","21,145.48","21,180.47","21,118.46",283.55M,-0.23%
5-Jun-17,"21,184.04","21,195.03","21,224.41","21,168.69",269.79M,-0.10%
2-Jun-17,"21,206.29","21,142.09","21,225.04","21,129.56",329.70M,0.29%
1-Jun-17,"21,144.18","21,030.55","21,144.18","20,994.22",276.73M,0.65%
31-May-17,"21,008.65","21,048.46","21,051.70","20,942.57",371.58M,-0.10%
30-May-17,"21,029.47","21,045.49","21,063.62","21,009.60",242.81M,-0.24%
26-May-17,"21,080.28","21,070.15","21,092.82","21,050.49",208.00M,-0.01%
25-May-17,"21,082.95","21,062.96","21,112.32","21,051.41",268.97M,0.34%
24-May-17,"21,012.42","20,949.21","21,022.82","20,933.58",283.18M,0.36%
23-May-17,"20,937.91","20,908.67","20,961.14","20,896.22",244.95M,0.21%
22-May-17,"20,894.83","20,867.77","20,914.26","20,860.16",276.12M,0.43%
19-May-17,"20,804.84","20,698.28","20,857.13","20,687.94",365.18M,0.69%
18-May-17,"20,663.02","20,579.65","20,759.20","20,553.45",422.59M,0.27%
17-May-17,"20,606.93","20,846.17","20,846.17","20,601.08",423.20M,-1.78%
16-May-17,"20,979.75","20,984.48","21,033.53","20,932.88",311.58M,-0.01%
15-May-17,"20,981.94","20,923.63","21,000.83","20,923.63",313.17M,0.41%
12-May-17,"20,896.61","20,893.19","20,916.10","20,869.74",288.50M,-0.11%
11-May-17,"20,919.42","20,925.72","20,933.36","20,798.90",287.68M,-0.11%
10-May-17,"20,943.11","20,958.49","20,976.28","20,884.15",283.34M,-0.16%
9-May-17,"20,975.78","21,022.28","21,046.85","20,938.04",273.00M,-0.17%
8-May-17,"21,012.28","20,991.26","21,017.89","20,971.05",276.15M,0.03%
5-May-17,"21,006.94","20,929.04","21,006.94","20,905.00",260.96M,0.26%
4-May-17,"20,951.47","20,987.83","20,990.79","20,847.95",274.72M,-0.03%
3-May-17,"20,957.90","20,915.00","20,972.74","20,874.18",310.92M,0.04%
2-May-17,"20,949.89","20,941.19","20,960.92","20,904.06",338.81M,0.17%
1-May-17,"20,913.46","20,962.73","20,976.62","20,898.38",288.16M,-0.13%
28-Apr-17,"20,940.51","20,987.39","20,987.76","20,926.75",329.99M,-0.19%
27-Apr-17,"20,981.33","20,991.12","21,005.80","20,935.80",305.69M,0.03%
26-Apr-17,"20,975.09","21,009.95","21,070.90","20,972.27",328.55M,-0.10%
25-Apr-17,"20,996.12","20,915.51","21,026.97","20,909.38",348.18M,1.12%
24-Apr-17,"20,763.89","20,723.59","20,792.20","20,723.59",342.40M,1.05%
21-Apr-17,"20,547.76","20,578.10","20,601.40","20,505.33",369.60M,-0.15%
20-Apr-17,"20,578.71","20,406.68","20,629.78","20,406.68",312.44M,0.85%
19-Apr-17,"20,404.49","20,503.52","20,546.69","20,379.55",294.79M,-0.58%
18-Apr-17,"20,523.28","20,561.39","20,600.12","20,462.28",263.18M,-0.55%
17-Apr-17,"20,636.92","20,484.75","20,644.41","20,484.75",229.24M,0.90%
13-Apr-17,"20,453.25","20,561.69","20,612.27","20,453.25",235.81M,-0.67%
12-Apr-17,"20,591.86","20,637.95","20,642.54","20,553.03",267.67M,-0.29%
11-Apr-17,"20,651.30","20,644.32","20,660.03","20,512.56",255.12M,-0.03%
10-Apr-17,"20,658.02","20,668.22","20,750.33","20,614.86",230.48M,0.01%
7-Apr-17,"20,656.10","20,647.81","20,726.07","20,606.95",219.73M,-0.03%
6-Apr-17,"20,662.95","20,653.77","20,746.46","20,612.17",251.72M,0.07%
5-Apr-17,"20,648.15","20,745.06","20,887.50","20,639.55",284.98M,-0.20%
4-Apr-17,"20,689.24","20,634.94","20,701.29","20,605.30",237.39M,0.19%
3-Apr-17,"20,650.21","20,665.17","20,692.34","20,517.82",285.67M,-0.06%
31-Mar-17,"20,663.22","20,700.34","20,722.59","20,660.68",303.77M,-0.31%
30-Mar-17,"20,728.49","20,662.79","20,753.78","20,643.60",270.90M,0.33%
29-Mar-17,"20,659.32","20,675.75","20,684.73","20,625.03",238.32M,-0.20%
28-Mar-17,"20,701.50","20,542.14","20,735.61","20,520.10",299.67M,0.73%
27-Mar-17,"20,550.98","20,488.35","20,578.46","20,412.80",269.38M,-0.22%
24-Mar-17,"20,596.72","20,674.45","20,718.33","20,529.67",292.98M,-0.29%
23-Mar-17,"20,656.58","20,645.07","20,757.89","20,618.62",280.05M,-0.02%
22-Mar-17,"20,661.30","20,640.42","20,686.21","20,578.95",325.09M,-0.03%
21-Mar-17,"20,668.01","20,956.33","20,970.04","20,653.26",369.32M,-1.14%
20-Mar-17,"20,905.86","20,916.27","20,955.45","20,885.70",253.61M,-0.04%
17-Mar-17,"20,914.62","20,965.37","20,980.51","20,911.07",535.28M,-0.10%
16-Mar-17,"20,934.55","20,969.27","21,000.11","20,893.50",264.36M,-0.07%
15-Mar-17,"20,950.10","20,874.78","20,977.47","20,859.60",306.59M,0.54%
14-Mar-17,"20,837.37","20,848.60","20,874.00","20,786.31",246.82M,-0.21%
13-Mar-17,"20,881.48","20,899.28","20,926.06","20,845.71",289.26M,-0.10%
10-Mar-17,"20,902.98","20,919.01","20,940.29","20,827.66",315.43M,0.21%
9-Mar-17,"20,858.19","20,864.32","20,900.57","20,777.16",275.96M,0.01%
8-Mar-17,"20,855.73","20,940.44","20,951.44","20,835.58",296.78M,-0.33%
7-Mar-17,"20,924.76","20,934.89","20,970.54","20,901.26",274.63M,-0.14%
6-Mar-17,"20,954.34","20,955.71","20,986.43","20,912.11",266.62M,-0.24%
3-Mar-17,"21,005.71","21,008.75","21,039.96","20,953.86",254.42M,0.01%
2-Mar-17,"21,002.97","21,128.91","21,129.20","20,996.61",319.91M,-0.53%
1-Mar-17,"21,115.55","20,957.29","21,169.11","20,957.29",392.82M,1.46%
28-Feb-17,"20,812.24","20,833.88","20,841.24","20,781.21",339.21M,-0.12%
27-Feb-17,"20,837.44","20,808.71","20,851.33","20,774.76",256.54M,0.08%
24-Feb-17,"20,821.76","20,751.91","20,821.76","20,733.95",292.54M,0.05%
23-Feb-17,"20,810.32","20,817.21","20,840.70","20,746.41",302.11M,0.17%
22-Feb-17,"20,775.60","20,715.41","20,781.59","20,692.39",310.53M,0.16%
21-Feb-17,"20,743.00","20,663.43","20,757.64","20,663.37",336.88M,0.58%
17-Feb-17,"20,624.05","20,564.13","20,624.05","20,532.61",340.62M,0.02%
16-Feb-17,"20,619.77","20,627.31","20,639.87","20,556.83",354.12M,0.04%
15-Feb-17,"20,611.86","20,504.27","20,620.45","20,496.03",384.38M,0.52%
14-Feb-17,"20,504.41","20,374.22","20,504.41","20,374.02",356.58M,0.45%
13-Feb-17,"20,412.16","20,338.54","20,441.48","20,322.95",314.62M,0.70%
10-Feb-17,"20,269.37","20,211.23","20,298.21","20,204.76",312.23M,0.48%
9-Feb-17,"20,172.40","20,061.73","20,206.36","20,061.73",325.31M,0.59%
8-Feb-17,"20,054.34","20,049.29","20,068.28","20,015.33",280.41M,-0.18%
7-Feb-17,"20,090.29","20,107.62","20,155.35","20,068.68",279.67M,0.19%
6-Feb-17,"20,052.42","20,025.61","20,094.95","20,002.81",281.72M,-0.09%
3-Feb-17,"20,071.46","19,964.21","20,081.48","19,964.21",344.22M,0.94%
2-Feb-17,"19,884.91","19,858.34","19,922.75","19,831.09",347.22M,-0.03%
1-Feb-17,"19,890.94","19,923.81","19,967.73","19,845.99",426.67M,0.14%
31-Jan-17,"19,864.09","19,913.16","19,918.17","19,784.77",373.75M,-0.54%
30-Jan-17,"19,971.13","20,028.62","20,028.62","19,870.39",317.28M,-0.61%
27-Jan-17,"20,093.78","20,103.36","20,115.97","20,072.64",343.13M,-0.04%
26-Jan-17,"20,100.91","20,076.25","20,125.58","20,067.53",356.73M,0.16%
25-Jan-17,"20,068.51","19,994.48","20,082.00","19,994.48",372.24M,0.78%
24-Jan-17,"19,912.71","19,794.68","19,949.24","19,786.71",374.46M,0.57%
23-Jan-17,"19,799.85","19,794.79","19,833.98","19,732.36",326.69M,-0.14%
20-Jan-17,"19,827.25","19,795.06","19,843.94","19,759.14",435.26M,0.48%
19-Jan-17,"19,732.40","19,813.55","19,824.14","19,677.94",301.75M,-0.37%
18-Jan-17,"19,804.72","19,822.73","19,828.20","19,739.00",279.76M,-0.11%
17-Jan-17,"19,826.77","19,848.82","19,882.99","19,775.35",341.90M,-0.30%
13-Jan-17,"19,885.73","19,912.54","19,952.03","19,849.38",263.78M,-0.03%
12-Jan-17,"19,891.00","19,926.21","19,929.29","19,770.47",306.29M,-0.32%
11-Jan-17,"19,954.28","19,887.38","19,973.42","19,833.16",336.15M,0.50%
10-Jan-17,"19,855.53","19,876.35","19,957.12","19,836.03",299.41M,-0.16%
9-Jan-17,"19,887.38","19,931.41","19,943.78","19,887.38",287.51M,-0.38%
6-Jan-17,"19,963.80","19,906.96","19,999.63","19,834.08",277.70M,0.32%
5-Jan-17,"19,899.29","19,924.56","19,948.60","19,811.12",269.92M,-0.21%
4-Jan-17,"19,942.16","19,890.94","19,956.14","19,878.83",280.01M,0.30%
3-Jan-17,"19,881.76","19,872.86","19,938.53","19,775.93",339.18M,0.60%
30-Dec-16,"19,762.60","19,833.17","19,852.55","19,718.67",271.91M,-0.29%
29-Dec-16,"19,819.78","19,835.46","19,878.44","19,788.94",172.04M,-0.07%
28-Dec-16,"19,833.68","19,964.31","19,981.11","19,827.31",188.35M,-0.56%
27-Dec-16,"19,945.04","19,943.46","19,980.24","19,939.80",158.54M,0.06%
23-Dec-16,"19,933.81","19,908.61","19,934.15","19,899.06",158.26M,0.07%
22-Dec-16,"19,918.88","19,922.68","19,933.83","19,882.19",258.29M,-0.12%
21-Dec-16,"19,941.96","19,968.97","19,986.56","19,941.96",256.64M,-0.16%
20-Dec-16,"19,974.62","19,920.59","19,987.63","19,920.42",284.08M,0.46%
19-Dec-16,"19,883.06","19,836.66","19,917.78","19,832.95",302.31M,0.20%
16-Dec-16,"19,843.41","19,909.01","19,923.17","19,821.00",573.47M,-0.04%
15-Dec-16,"19,852.24","19,811.50","19,951.29","19,811.50",357.35M,0.30%
14-Dec-16,"19,792.53","19,876.13","19,966.43","19,748.67",408.43M,-0.60%
13-Dec-16,"19,911.21","19,852.21","19,953.75","19,846.45",388.42M,0.58%
12-Dec-16,"19,796.43","19,770.20","19,824.59","19,747.74",333.66M,0.20%
9-Dec-16,"19,756.85","19,631.35","19,757.74","19,623.19",334.47M,0.72%
8-Dec-16,"19,614.81","19,559.94","19,664.97","19,527.83",324.57M,0.33%
7-Dec-16,"19,549.62","19,241.99","19,558.42","19,229.83",385.20M,1.55%
6-Dec-16,"19,251.78","19,219.91","19,255.89","19,184.74",284.96M,0.18%
5-Dec-16,"19,216.24","19,244.35","19,274.85","19,186.73",317.80M,0.24%
2-Dec-16,"19,170.42","19,161.25","19,196.14","19,141.18",84.92M,-0.11%
1-Dec-16,"19,191.93","19,149.20","19,214.30","19,138.79",108.80M,0.36%
30-Nov-16,"19,123.58","19,135.64","19,225.29","19,123.38",164.57M,0.01%
29-Nov-16,"19,121.60","19,064.07","19,144.40","19,062.22",81.51M,0.12%
28-Nov-16,"19,097.90","19,122.14","19,138.72","19,072.25",88.46M,-0.28%
25-Nov-16,"19,152.14","19,093.72","19,152.14","19,093.72",45.89M,0.36%
23-Nov-16,"19,083.18","19,015.52","19,083.76","19,000.38",77.88M,0.31%
22-Nov-16,"19,023.87","18,970.39","19,043.90","18,962.82",85.31M,0.35%
21-Nov-16,"18,956.69","18,898.68","18,960.76","18,883.10",80.52M,0.47%
18-Nov-16,"18,867.93","18,905.33","18,915.74","18,853.83",109.88M,-0.19%
17-Nov-16,"18,903.82","18,866.22","18,904.03","18,845.27",89.94M,0.19%
16-Nov-16,"18,868.14","18,909.85","18,909.85","18,825.89",87.32M,-0.29%
15-Nov-16,"18,923.06","18,858.21","18,925.26","18,806.06",100.66M,0.29%
14-Nov-16,"18,868.69","18,876.77","18,934.05","18,815.75",112.25M,0.11%
11-Nov-16,"18,847.66","18,781.65","18,855.78","18,736.96",107.30M,0.21%
10-Nov-16,"18,807.88","18,603.14","18,873.66","18,603.14",164.39M,1.17%
9-Nov-16,"18,589.69","18,317.26","18,650.06","18,252.55",173.11M,1.40%
8-Nov-16,"18,332.74","18,251.38","18,400.50","18,200.75",79.82M,0.40%
7-Nov-16,"18,259.60","17,994.64","18,263.30","17,994.64",93.45M,2.08%
4-Nov-16,"17,888.28","17,928.35","17,986.76","17,883.56",97.76M,-0.24%
3-Nov-16,"17,930.67","17,978.75","18,006.96","17,904.07",77.86M,-0.16%
2-Nov-16,"17,959.64","18,017.72","18,044.15","17,931.89",88.61M,-0.43%
1-Nov-16,"18,037.10","18,158.24","18,177.01","17,940.84",101.28M,-0.58%
31-Oct-16,"18,142.42","18,176.60","18,193.68","18,130.58",110.08M,-0.10%
28-Oct-16,"18,161.19","18,193.79","18,257.06","18,094.97",107.85M,-0.05%
27-Oct-16,"18,169.68","18,234.81","18,253.20","18,149.20",83.53M,-0.16%
26-Oct-16,"18,199.33","18,103.80","18,236.04","18,062.30",86.34M,0.17%
25-Oct-16,"18,169.27","18,206.52","18,241.69","18,151.70",83.19M,-0.30%
24-Oct-16,"18,223.03","18,197.14","18,275.04","18,191.18",88.55M,0.43%
21-Oct-16,"18,145.71","18,152.63","18,168.76","18,049.77",117.82M,-0.09%
20-Oct-16,"18,162.35","18,161.87","18,249.05","18,129.07",88.83M,-0.22%
19-Oct-16,"18,202.62","18,178.21","18,252.20","18,169.25",88.04M,0.22%
18-Oct-16,"18,161.94","18,145.06","18,225.80","18,129.45",74.80M,0.42%
17-Oct-16,"18,086.40","18,135.85","18,162.28","18,063.02",75.96M,-0.29%
14-Oct-16,"18,138.38","18,177.35","18,261.11","18,138.38",87.05M,0.22%
13-Oct-16,"18,098.94","18,088.32","18,137.70","17,959.95",83.16M,-0.25%
12-Oct-16,"18,144.20","18,132.63","18,193.96","18,082.09",72.23M,0.09%
11-Oct-16,"18,128.66","18,308.43","18,312.33","18,061.96",88.61M,-1.09%
10-Oct-16,"18,329.04","18,282.95","18,399.96","18,282.95",72.11M,0.49%
7-Oct-16,"18,240.49","18,295.35","18,319.73","18,149.35",82.68M,-0.15%
6-Oct-16,"18,268.50","18,280.42","18,288.12","18,162.97",78.66M,-0.07%
5-Oct-16,"18,281.03","18,205.50","18,315.82","18,205.50",76.19M,0.62%
4-Oct-16,"18,168.45","18,267.68","18,313.77","18,116.26",79.71M,-0.47%
3-Oct-16,"18,253.85","18,279.60","18,279.80","18,203.75",68.52M,-0.30%
30-Sep-16,"18,308.15","18,181.80","18,369.62","18,181.80",135.47M,0.91%
29-Sep-16,"18,143.45","18,322.88","18,366.23","18,091.64",95.88M,-1.07%
28-Sep-16,"18,339.24","18,240.22","18,349.86","18,179.34",97.65M,0.61%
27-Sep-16,"18,228.30","18,099.21","18,238.10","18,052.16",84.13M,0.74%
26-Sep-16,"18,094.83","18,217.76","18,217.76","18,083.32",95.51M,-0.91%
23-Sep-16,"18,261.45","18,377.36","18,383.76","18,254.84",87.18M,-0.71%
22-Sep-16,"18,392.46","18,343.76","18,449.88","18,343.76",73.03M,0.54%
21-Sep-16,"18,293.70","18,164.96","18,307.43","18,121.57",94.10M,0.90%
20-Sep-16,"18,129.96","18,175.36","18,227.21","18,128.80",72.45M,0.05%
19-Sep-16,"18,120.17","18,154.82","18,254.88","18,093.05",78.09M,-0.02%
16-Sep-16,"18,123.80","18,217.21","18,217.21","18,070.21",278.54M,-0.49%
15-Sep-16,"18,212.48","18,024.91","18,250.11","18,015.49",99.56M,0.99%
14-Sep-16,"18,034.77","18,073.39","18,163.48","17,992.21",103.36M,-0.18%
13-Sep-16,"18,066.75","18,262.99","18,262.99","18,028.06",102.83M,-1.41%
12-Sep-16,"18,325.07","18,028.95","18,358.69","17,994.84",103.26M,1.32%
9-Sep-16,"18,085.45","18,404.17","18,404.17","18,085.45",120.67M,-2.13%
8-Sep-16,"18,479.91","18,486.69","18,506.24","18,446.69",79.06M,-0.25%
7-Sep-16,"18,526.14","18,527.71","18,536.89","18,474.77",67.57M,-0.06%
6-Sep-16,"18,538.12","18,493.40","18,551.54","18,450.32",83.71M,0.25%
2-Sep-16,"18,491.96","18,466.01","18,544.76","18,439.10",74.35M,0.39%
1-Sep-16,"18,419.30","18,396.57","18,430.05","18,295.48",74.78M,0.10%
31-Aug-16,"18,400.88","18,436.70","18,439.68","18,333.56",98.25M,-0.29%
30-Aug-16,"18,454.30","18,491.28","18,514.29","18,408.52",68.92M,-0.26%
29-Aug-16,"18,502.99","18,421.29","18,523.09","18,419.92",64.48M,0.58%
26-Aug-16,"18,395.40","18,467.92","18,572.09","18,335.34",78.73M,-0.29%
25-Aug-16,"18,448.41","18,471.21","18,497.68","18,431.46",64.48M,-0.18%
24-Aug-16,"18,481.48","18,537.50","18,539.15","18,448.27",72.27M,-0.35%
23-Aug-16,"18,547.30","18,568.94","18,631.60","18,545.52",73.99M,0.10%
22-Aug-16,"18,529.42","18,535.86","18,570.92","18,466.86",73.45M,-0.12%
19-Aug-16,"18,552.57","18,585.17","18,585.17","18,491.24",93.17M,-0.24%
18-Aug-16,"18,597.70","18,566.54","18,600.82","18,533.29",70.74M,0.13%
17-Aug-16,"18,573.94","18,537.09","18,582.35","18,468.68",71.00M,0.12%
16-Aug-16,"18,552.02","18,614.48","18,614.86","18,550.65",67.57M,-0.45%
15-Aug-16,"18,636.05","18,588.59","18,668.44","18,588.59",62.35M,0.32%
12-Aug-16,"18,576.47","18,595.65","18,606.06","18,535.86",61.58M,-0.20%
11-Aug-16,"18,613.52","18,519.08","18,638.34","18,519.08",71.47M,0.64%
10-Aug-16,"18,495.66","18,541.48","18,561.75","18,468.78",62.78M,-0.20%
9-Aug-16,"18,533.05","18,538.05","18,585.32","18,507.75",60.09M,0.02%
8-Aug-16,"18,529.29","18,540.65","18,569.31","18,502.03",71.81M,-0.08%
5-Aug-16,"18,543.53","18,402.80","18,543.53","18,402.80",92.42M,1.04%
4-Aug-16,"18,352.05","18,351.43","18,397.87","18,325.17",64.50M,-0.02%
3-Aug-16,"18,355.00","18,313.08","18,355.00","18,283.23",78.55M,0.23%
2-Aug-16,"18,313.77","18,401.15","18,403.65","18,247.79",89.68M,-0.49%
1-Aug-16,"18,404.51","18,434.50","18,467.03","18,355.75",83.47M,-0.15%
29-Jul-16,"18,432.24","18,442.52","18,466.55","18,371.12",111.55M,-0.13%
28-Jul-16,"18,456.35","18,461.01","18,483.26","18,368.82",85.75M,-0.09%
27-Jul-16,"18,472.17","18,473.27","18,542.39","18,430.94",111.37M,-0.01%
26-Jul-16,"18,473.75","18,497.37","18,522.47","18,387.22",85.37M,-0.10%
25-Jul-16,"18,493.06","18,554.49","18,555.69","18,452.62",76.81M,-0.42%
22-Jul-16,"18,570.85","18,524.15","18,571.30","18,491.59",87.71M,0.29%
21-Jul-16,"18,517.23","18,589.96","18,590.44","18,469.67",86.80M,-0.42%
20-Jul-16,"18,595.03","18,582.70","18,622.01","18,555.65",93.23M,0.19%
19-Jul-16,"18,559.01","18,503.12","18,562.53","18,495.11",85.84M,0.14%
18-Jul-16,"18,533.05","18,521.55","18,556.13","18,489.84",75.54M,0.09%
15-Jul-16,"18,516.55","18,508.88","18,557.43","18,471.62",123.69M,0.05%
14-Jul-16,"18,506.41","18,414.30","18,537.57","18,414.30",87.05M,0.73%
13-Jul-16,"18,372.12","18,356.78","18,390.16","18,315.76",80.92M,0.13%
12-Jul-16,"18,347.67","18,259.12","18,371.95","18,259.12",90.21M,0.66%
11-Jul-16,"18,226.93","18,161.53","18,283.90","18,161.53",80.88M,0.44%
8-Jul-16,"18,146.74","17,971.22","18,166.77","17,971.22",93.46M,1.40%
7-Jul-16,"17,895.88","17,924.24","17,984.95","17,816.65",81.57M,-0.13%
6-Jul-16,"17,918.62","17,807.47","17,926.91","17,713.45",93.00M,0.44%
5-Jul-16,"17,840.62","17,904.45","17,904.45","17,785.28",103.67M,-0.61%
1-Jul-16,"17,949.37","17,924.24","18,002.38","17,916.91",82.16M,0.11%
30-Jun-16,"17,929.99","17,712.76","17,930.61","17,711.80",133.03M,1.33%
29-Jun-16,"17,694.68","17,456.02","17,704.51","17,456.02",106.38M,1.64%
28-Jun-16,"17,409.72","17,190.51","17,409.72","17,190.51",112.19M,1.57%
27-Jun-16,"17,140.24","17,355.21","17,355.21","17,063.08",138.74M,-1.50%
24-Jun-16,"17,400.75","17,946.63","17,946.63","17,356.34",239.00M,-3.39%
23-Jun-16,"18,011.07","17,844.11","18,011.07","17,844.11",98.11M,1.29%
22-Jun-16,"17,780.83","17,832.67","17,920.16","17,770.36",89.44M,-0.27%
21-Jun-16,"17,829.73","17,827.33","17,877.84","17,799.80",85.14M,0.14%
20-Jun-16,"17,804.87","17,736.87","17,946.36","17,736.87",99.38M,0.73%
17-Jun-16,"17,675.16","17,733.44","17,733.44","17,602.78",248.68M,-0.33%
16-Jun-16,"17,733.10","17,602.23","17,754.91","17,471.29",91.95M,0.53%
15-Jun-16,"17,640.17","17,703.65","17,762.96","17,629.01",94.13M,-0.20%
14-Jun-16,"17,674.82","17,710.77","17,733.92","17,595.79",93.74M,-0.33%
13-Jun-16,"17,732.48","17,830.50","17,893.28","17,731.35",101.69M,-0.74%
10-Jun-16,"17,865.34","17,938.82","17,938.82","17,812.34",90.54M,-0.67%
9-Jun-16,"17,985.19","17,969.98","18,005.22","17,915.88",69.69M,-0.11%
8-Jun-16,"18,005.05","17,931.91","18,016.00","17,931.91",71.26M,0.37%
7-Jun-16,"17,938.28","17,936.22","18,003.23","17,936.22",78.75M,0.10%
6-Jun-16,"17,920.33","17,825.69","17,949.68","17,822.81",71.87M,0.64%
3-Jun-16,"17,807.06","17,799.80","17,833.17","17,689.68",82.28M,-0.18%
2-Jun-16,"17,838.56","17,789.05","17,838.56","17,703.55",75.56M,0.27%
1-Jun-16,"17,789.67","17,754.55","17,809.18","17,664.79",78.53M,0.01%
31-May-16,"17,787.20","17,891.50","17,899.24","17,724.03",147.39M,-0.48%
27-May-16,"17,873.22","17,826.85","17,873.22","17,824.73",73.19M,0.25%
26-May-16,"17,828.29","17,859.52","17,888.66","17,803.82",68.94M,-0.13%
25-May-16,"17,851.51","17,735.09","17,891.71","17,735.09",79.18M,0.82%
24-May-16,"17,706.05","17,525.19","17,742.59","17,525.19",86.48M,1.22%
23-May-16,"17,492.93","17,507.04","17,550.70","17,480.05",87.79M,-0.05%
20-May-16,"17,500.94","17,437.32","17,571.75","17,437.32",112.00M,0.38%
19-May-16,"17,435.40","17,514.16","17,514.16","17,331.07",95.53M,-0.52%
18-May-16,"17,526.62","17,501.28","17,636.22","17,418.21",79.12M,-0.02%
17-May-16,"17,529.98","17,701.46","17,701.46","17,469.92",103.26M,-1.02%
16-May-16,"17,710.71","17,531.76","17,755.80","17,531.76",88.44M,1.00%
13-May-16,"17,535.32","17,711.12","17,734.74","17,512.48",86.65M,-1.05%
12-May-16,"17,720.50","17,722.01","17,798.19","17,625.38",88.56M,0.05%
11-May-16,"17,711.12","17,919.03","17,919.03","17,711.05",87.39M,-1.21%
10-May-16,"17,928.35","17,726.66","17,934.61","17,726.66",75.79M,1.26%
9-May-16,"17,705.91","17,743.85","17,783.16","17,668.38",85.59M,-0.20%
6-May-16,"17,740.63","17,650.30","17,744.54","17,580.38",80.02M,0.45%
5-May-16,"17,660.71","17,664.48","17,736.11","17,615.82",81.53M,0.05%
4-May-16,"17,651.26","17,735.02","17,738.06","17,609.01",95.02M,-0.56%
3-May-16,"17,750.91","17,870.75","17,870.75","17,670.88",97.06M,-0.78%
2-May-16,"17,891.16","17,783.78","17,912.35","17,773.71",80.10M,0.66%
29-Apr-16,"17,773.64","17,813.09","17,814.83","17,651.98",136.67M,-0.32%
28-Apr-16,"17,830.76","18,023.88","18,035.73","17,796.55",100.92M,-1.17%
27-Apr-16,"18,041.55","17,996.14","18,084.66","17,920.26",109.09M,0.28%
26-Apr-16,"17,990.32","17,987.38","18,043.77","17,934.17",92.57M,0.07%
25-Apr-16,"17,977.24","17,990.94","17,990.94","17,855.55",83.77M,-0.15%
22-Apr-16,"18,003.75","17,985.05","18,026.85","17,909.89",134.12M,0.12%
21-Apr-16,"17,982.52","18,092.84","18,107.29","17,963.89",102.72M,-0.63%
20-Apr-16,"18,096.27","18,059.49","18,167.63","18,031.21",100.21M,0.24%
19-Apr-16,"18,053.60","18,012.10","18,103.46","17,984.43",89.82M,0.27%
18-Apr-16,"18,004.16","17,890.20","18,009.53","17,848.22",89.39M,0.60%
15-Apr-16,"17,897.46","17,925.95","17,937.65","17,867.41",118.16M,-0.16%
14-Apr-16,"17,926.43","17,912.25","17,962.14","17,885.44",84.51M,0.10%
13-Apr-16,"17,908.28","17,741.66","17,918.35","17,741.66",91.71M,1.06%
12-Apr-16,"17,721.25","17,571.34","17,744.43","17,553.57",81.02M,0.94%
11-Apr-16,"17,556.41","17,586.48","17,731.63","17,555.90",107.10M,-0.12%
8-Apr-16,"17,576.96","17,555.39","17,694.51","17,528.16",79.99M,0.20%
7-Apr-16,"17,541.96","17,687.28","17,687.28","17,484.23",90.12M,-0.98%
6-Apr-16,"17,716.05","17,605.45","17,723.55","17,542.54",99.41M,0.64%
5-Apr-16,"17,603.32","17,718.03","17,718.03","17,579.56",115.23M,-0.75%
4-Apr-16,"17,737.00","17,799.39","17,806.38","17,710.67",85.23M,-0.31%
1-Apr-16,"17,792.75","17,661.74","17,811.48","17,568.02",104.89M,0.61%
31-Mar-16,"17,685.09","17,716.05","17,755.70","17,669.72",102.60M,-0.18%
30-Mar-16,"17,716.66","17,652.36","17,790.11","17,652.36",79.33M,0.47%
29-Mar-16,"17,633.11","17,512.58","17,642.81","17,434.27",86.16M,0.56%
28-Mar-16,"17,535.39","17,526.08","17,583.81","17,493.03",70.46M,0.11%
24-Mar-16,"17,515.73","17,485.33","17,517.14","17,399.01",84.10M,0.08%
23-Mar-16,"17,502.59","17,588.81","17,588.81","17,486.27",84.24M,-0.45%
22-Mar-16,"17,582.57","17,602.71","17,648.94","17,540.42",95.45M,-0.23%
21-Mar-16,"17,623.87","17,589.70","17,644.97","17,551.28",84.41M,0.12%
18-Mar-16,"17,602.30","17,481.49","17,620.58","17,481.49",321.23M,0.69%
17-Mar-16,"17,481.49","17,321.38","17,529.01","17,297.65",117.99M,0.90%
16-Mar-16,"17,325.76","17,249.34","17,379.18","17,204.07",118.71M,0.43%
15-Mar-16,"17,251.53","17,217.15","17,251.70","17,120.35",92.83M,0.13%
14-Mar-16,"17,229.13","17,207.49","17,275.07","17,161.16",96.35M,0.09%
11-Mar-16,"17,213.31","17,014.99","17,220.09","17,014.99",123.43M,1.28%
10-Mar-16,"16,995.13","17,006.05","17,130.11","16,821.86",117.57M,-0.03%
9-Mar-16,"17,000.36","16,969.17","17,048.50","16,947.94",116.69M,0.21%
8-Mar-16,"16,964.10","17,050.67","17,072.79","16,921.51",108.38M,-0.64%
7-Mar-16,"17,073.95","16,991.29","17,099.25","16,940.48",100.29M,0.40%
4-Mar-16,"17,006.77","16,945.00","17,062.38","16,898.84",106.91M,0.37%
3-Mar-16,"16,943.90","16,896.17","16,944.31","16,820.73",91.11M,0.26%
2-Mar-16,"16,899.32","16,851.17","16,900.17","16,766.32",104.47M,0.20%
1-Mar-16,"16,865.08","16,545.67","16,865.56","16,545.67",105.05M,2.11%
29-Feb-16,"16,516.50","16,634.15","16,726.12","16,510.40",126.22M,-0.74%
26-Feb-16,"16,639.97","16,712.70","16,795.98","16,623.91",98.48M,-0.34%
25-Feb-16,"16,697.29","16,504.38","16,697.98","16,458.42",94.12M,1.29%
24-Feb-16,"16,484.99","16,418.84","16,507.39","16,165.86",93.62M,0.32%
23-Feb-16,"16,431.78","16,610.39","16,610.39","16,403.53",98.17M,-1.14%
22-Feb-16,"16,620.66","16,417.13","16,664.24","16,417.13",102.24M,1.40%
19-Feb-16,"16,391.99","16,410.96","16,410.96","16,278.00",134.34M,-0.13%
18-Feb-16,"16,413.43","16,483.76","16,511.84","16,390.43",104.95M,-0.25%
17-Feb-16,"16,453.83","16,217.98","16,486.12","16,217.98",124.08M,1.59%
16-Feb-16,"16,196.41","16,012.39","16,196.41","16,012.39",142.03M,1.39%
12-Feb-16,"15,973.84","15,691.62","15,974.04","15,691.62",132.55M,2.00%
11-Feb-16,"15,660.18","15,897.82","15,897.82","15,503.01",172.07M,-1.60%
10-Feb-16,"15,914.74","16,035.61","16,201.89","15,899.91",122.29M,-0.62%
9-Feb-16,"16,014.38","16,005.41","16,136.62","15,881.11",127.74M,-0.08%
8-Feb-16,"16,027.05","16,147.51","16,147.51","15,803.55",165.88M,-1.10%
5-Feb-16,"16,204.97","16,417.95","16,423.63","16,129.81",139.01M,-1.29%
4-Feb-16,"16,416.58","16,329.67","16,485.84","16,266.16",131.49M,0.49%
3-Feb-16,"16,336.66","16,186.20","16,381.69","15,960.45",141.87M,1.13%
2-Feb-16,"16,153.54","16,420.21","16,420.21","16,108.44",126.21M,-1.80%
1-Feb-16,"16,449.18","16,453.63","16,510.98","16,299.47",114.45M,-0.10%
29-Jan-16,"16,466.30","16,090.26","16,466.30","16,090.26",217.94M,2.47%
28-Jan-16,"16,069.64","15,960.28","16,102.14","15,863.72",130.12M,0.79%
27-Jan-16,"15,944.46","16,168.74","16,235.03","15,878.30",138.35M,-1.38%
26-Jan-16,"16,167.23","15,893.16","16,185.79","15,893.16",118.21M,1.78%
25-Jan-16,"15,885.22","16,086.46","16,086.46","15,880.15",123.25M,-1.29%
22-Jan-16,"16,093.51","15,921.10","16,136.79","15,921.10",145.85M,1.33%
21-Jan-16,"15,882.68","15,768.87","16,038.59","15,704.66",145.14M,0.74%
20-Jan-16,"15,766.74","15,989.45","15,989.45","15,450.56",191.87M,-1.56%
19-Jan-16,"16,016.02","16,009.45","16,171.96","15,900.25",144.36M,0.17%
15-Jan-16,"15,988.08","16,354.33","16,354.33","15,842.11",239.21M,-2.39%
14-Jan-16,"16,379.05","16,159.01","16,482.05","16,075.12",158.83M,1.41%
13-Jan-16,"16,151.41","16,526.63","16,593.51","16,123.20",153.53M,-2.21%
12-Jan-16,"16,516.22","16,419.11","16,591.35","16,322.07",117.48M,0.72%
11-Jan-16,"16,398.57","16,358.71","16,461.85","16,232.03",127.79M,0.32%
8-Jan-16,"16,346.45","16,519.17","16,651.89","16,314.57",141.85M,-1.02%
7-Jan-16,"16,514.10","16,888.36","16,888.36","16,463.63",176.24M,-2.32%
6-Jan-16,"16,906.51","17,154.83","17,154.83","16,817.62",120.25M,-1.47%
5-Jan-16,"17,158.66","17,147.50","17,195.84","17,038.61",105.75M,0.06%
4-Jan-16,"17,148.94","17,405.48","17,405.48","16,957.63",148.06M,-1.58%
