Date,Open,High,Low,Close,Adj Close,Volume
1/4/2016,18818.58008,18951.11914,18394.42969,18450.98047,18450.98047,140200000
1/5/2016,18398.75977,18547.38086,18327.51953,18374,18374,132300000
1/6/2016,18410.57031,18469.38086,18064.30078,18191.32031,18191.32031,142200000
1/7/2016,18139.76953,18172.03906,17767.33984,17767.33984,17767.33984,168000000
1/8/2016,17562.23047,17975.31055,17509.64063,17697.96094,17697.96094,184300000
1/12/2016,17470.92969,17546.57031,17184.7793,17218.96094,17218.96094,178400000
1/13/2016,17449.11914,17717.75,17414.55078,17715.63086,17715.63086,145900000
1/14/2016,17384.92969,17393.83008,16944.41016,17240.94922,17240.94922,178300000
1/15/2016,17522.46094,17597.86914,17057.59961,17147.10938,17147.10938,167800000
1/18/2016,16826.92969,17037.25977,16665.05078,16955.57031,16955.57031,157200000
1/19/2016,16902.28906,17088.31055,16812.65039,17048.36914,17048.36914,154200000
1/20/2016,17030.2793,17031.32031,16387.60938,16416.18945,16416.18945,177800000
1/21/2016,16466.85938,16734.58008,16017.25977,16017.25977,16017.25977,228200000
1/22/2016,16336.71973,16993.96094,16332.4502,16958.5293,16958.5293,186800000
1/25/2016,17145.81055,17208.24023,16922.21094,17110.91016,17110.91016,157000000
1/26/2016,16833.13086,16839.51953,16652.25977,16708.90039,16708.90039,147000000
1/27/2016,16949.18945,17242.26953,16947.94922,17163.91992,17163.91992,155000000
1/28/2016,17059.83984,17235.43945,16942.13086,17041.44922,17041.44922,140900000
1/29/2016,17155.06055,17638.92969,16767.08984,17518.30078,17518.30078,294400000
2/1/2016,17699.59961,17905.36914,17666.48047,17865.23047,17865.23047,245000000
2/2/2016,17716.51953,17864.69922,17684.66016,17750.67969,17750.67969,200800000
2/3/2016,17497.41016,17515.67969,17080.57031,17191.25,17191.25,228500000
2/4/2016,17071.10938,17209.56055,16941.88086,17044.99023,17044.99023,238800000
2/5/2016,16790.5293,16893.11914,16627.80078,16819.58984,16819.58984,259900000
2/8/2016,16620.91016,17099.00977,16552.30078,17004.30078,17004.30078,200100000
2/9/2016,16666.78906,16668.69922,16025.94043,16085.44043,16085.44043,228200000
2/10/2016,16127.86035,16163.03027,15429.99023,15713.38965,15713.38965,283500000
2/12/2016,15426.26953,15437.21973,14865.76953,14952.61035,14952.61035,340500000
2/15/2016,15248.37988,16155.09961,15243.87988,16022.58008,16022.58008,232200000
2/16/2016,15849.46973,16341.55957,15809.58008,16054.42969,16054.42969,224900000
2/17/2016,16035.34961,16214.45996,15632.12012,15836.36035,15836.36035,204100000
2/18/2016,16138.08008,16337.58984,16118.79981,16196.79981,16196.79981,187800000
2/19/2016,16050.40039,16050.45996,15799.34961,15967.16992,15967.16992,161700000
2/22/2016,15851.38965,16187.40039,15816.83008,16111.04981,16111.04981,139800000
2/23/2016,16230.37988,16350.37988,16001.19043,16052.04981,16052.04981,165200000
2/24/2016,15851.12988,16006.4502,15753.76953,15915.79004,15915.79004,151600000
2/25/2016,15983.46973,16218.29004,15953.92969,16140.33984,16140.33984,169800000
2/26/2016,16311.51953,16472.5,16188.41016,16188.41016,16188.41016,147400000
2/29/2016,16313.30957,16464.75,16026.75977,16026.75977,16026.75977,164300000
3/1/2016,16013,16099.41992,15857.37012,16085.50977,16085.50977,152300000
3/2/2016,16391.48047,16815.25,16388.91992,16746.55078,16746.55078,175100000
3/3/2016,16695.7793,16962.94922,16691.93945,16960.16016,16960.16016,201400000
3/4/2016,16927.35938,17042.91992,16861.38086,17014.7793,17014.7793,183600000
3/7/2016,17024.64063,17026.25,16894.58008,16911.32031,16911.32031,159500000
3/8/2016,16889.48047,16909.78906,16570.2207,16783.15039,16783.15039,182800000
3/9/2016,16625.58984,16706.25,16494.80078,16642.19922,16642.19922,160700000
3/10/2016,16811,16887.59961,16713.13086,16852.34961,16852.34961,135600000
3/11/2016,16610.17969,17015.30078,16575.75,16938.86914,16938.86914,198000000
3/14/2016,17155.51953,17291.34961,17149.21094,17233.75,17233.75,140900000
3/15/2016,17219.89063,17279.30078,17042.56055,17117.07031,17117.07031,144300000
3/16/2016,16981.35938,17102.44922,16950.83984,16974.44922,16974.44922,126400000
3/17/2016,17107.59961,17253.0293,16814.83984,16936.38086,16936.38086,152500000
3/18/2016,16883.75,16920.91016,16613.68945,16724.81055,16724.81055,155700000
3/22/2016,16937.31055,17107.80078,16851.21094,17048.55078,17048.55078,136200000
3/23/2016,17066.26953,17142.08008,16964.31055,17000.98047,17000.98047,104700000
3/24/2016,16979.39063,17041.16016,16843.99023,16892.33008,16892.33008,142100000
3/25/2016,16949.5293,17026.14063,16889.40039,17002.75,17002.75,126500000
3/28/2016,17129.26953,17167.88086,16961.41016,17134.36914,17134.36914,123500000
3/29/2016,16985.2793,17137.19922,16948.42969,17103.5293,17103.5293,117000000
3/30/2016,17078.0293,17078.0293,16875.91016,16878.96094,16878.96094,131200000
3/31/2016,16997.14063,17033.65039,16758.66992,16758.66992,16758.66992,157500000
4/1/2016,16719.56055,16719.56055,16113.00977,16164.16016,16164.16016,178400000
4/4/2016,16087.75977,16238.50977,16029.5,16123.26953,16123.26953,144800000
4/5/2016,16044.23047,16066.17969,15698.54981,15732.82031,15732.82031,158100000
4/6/2016,15727.7002,15828.61035,15612.91016,15715.36035,15715.36035,150500000
4/7/2016,15739.25977,15871.09961,15636.20996,15749.83984,15749.83984,146000000
4/8/2016,15597.04004,16027.62988,15471.79981,15821.51953,15821.51953,176800000
4/11/2016,15761.57031,15778.74023,15525.49023,15751.12988,15751.12988,129900000
4/12/2016,15719.24023,15963.03027,15693.61035,15928.79004,15928.79004,147000000
4/13/2016,16142.70996,16405.58984,16132.23047,16381.21973,16381.21973,158800000
4/14/2016,16629.83008,16911.05078,16602.16992,16911.05078,16911.05078,175400000
4/15/2016,16720.39063,16928.66992,16720.39063,16848.0293,16848.0293,133300000
4/18/2016,16521.25,16526.90039,16254.2002,16275.9502,16275.9502,140600000
4/19/2016,16582.66016,16900.33008,16570.5,16874.43945,16874.43945,145700000
4/20/2016,17053.83008,17099.35938,16870.73047,16906.53906,16906.53906,143900000
4/21/2016,17187.26953,17381.69922,17144.5293,17363.61914,17363.61914,165900000
4/22/2016,17220.4707,17572.49023,17192.39063,17572.49023,17572.49023,228300000
4/25/2016,17613.56055,17613.56055,17403.86914,17439.30078,17439.30078,171600000
4/26/2016,17358.56055,17426.01953,17200.5,17353.2793,17353.2793,161600000
4/27/2016,17369.67969,17417.53906,17230.23047,17290.49023,17290.49023,140900000
4/28/2016,17438.99023,17572.26953,16652.74023,16666.05078,16666.05078,233100000
5/2/2016,16357.09961,16357.09961,15975.46973,16147.37988,16147.37988,179900000
5/6/2016,16212.66992,16271.61035,15989.34961,16106.71973,16106.71973,148100000
5/9/2016,16226.57031,16292.86035,16159.30957,16216.03027,16216.03027,118800000
5/10/2016,16307.5,16587.63086,16229.15039,16565.18945,16565.18945,166500000
5/11/2016,16736.7207,16814.64063,16536.60938,16579.00977,16579.00977,143500000
5/12/2016,16459.68945,16658.07031,16374.58984,16646.33984,16646.33984,138700000
5/13/2016,16804.16992,16804.16992,16400.86914,16412.21094,16412.21094,171600000
5/16/2016,16391.91992,16632.61914,16391.91992,16466.40039,16466.40039,125100000
5/17/2016,16618.94922,16655.89063,16509.31055,16652.80078,16652.80078,117600000
5/18/2016,16611.40039,16795.4707,16513.16992,16644.68945,16644.68945,165100000
5/19/2016,16807.46094,16841.03906,16590.16016,16646.66016,16646.66016,141600000
5/20/2016,16594.99023,16770.86914,16548.33984,16736.34961,16736.34961,126300000
5/23/2016,16671.2793,16691.5,16417.83984,16654.59961,16654.59961,116500000
5/24/2016,16605.03906,16605.03906,16471.36914,16498.75977,16498.75977,109700000
5/25/2016,16764.34961,16806.0293,16731.11914,16757.34961,16757.34961,107400000
5/26/2016,16927.68945,16957.56055,16743.16992,16772.46094,16772.46094,122000000
5/27/2016,16830.5,16901.08984,16792.73047,16834.83984,16834.83984,108400000
5/30/2016,16973.7207,17068.01953,16910.18945,17068.01953,17068.01953,100300000
5/31/2016,17029.46094,17251.35938,16988.64063,17234.98047,17234.98047,156700000
6/1/2016,17097.2207,17145.94922,16908.91992,16955.73047,16955.73047,133700000
6/2/2016,16817.25977,16819.84961,16525.4707,16562.55078,16562.55078,142800000
6/3/2016,16599.50977,16716.14063,16554.59961,16642.23047,16642.23047,107300000
6/6/2016,16373.32031,16581.30078,16322.63965,16580.0293,16580.0293,122200000
6/7/2016,16651.05078,16701.00977,16536.23047,16675.44922,16675.44922,109000000
6/8/2016,16722.49023,16830.91992,16581.71094,16830.91992,16830.91992,112100000
6/9/2016,16742.0293,16785.83008,16587.76953,16668.41016,16668.41016,115500000
6/10/2016,16637.50977,16643.35938,16496.10938,16601.35938,16601.35938,155000000
6/13/2016,16319.11035,16335.37988,16019.17969,16019.17969,16019.17969,126200000
6/14/2016,16001.19043,16082.5,15762.08984,15859,15859,131700000
6/15/2016,15799.07031,15997.29981,15752.00977,15919.58008,15919.58008,136800000
6/16/2016,15871.21973,15913.08008,15395.98047,15434.13965,15434.13965,154200000
6/17/2016,15631.79004,15774.87012,15582.94043,15599.66016,15599.66016,167200000
6/20/2016,15839.05957,16035.44043,15835.86035,15965.29981,15965.29981,132000000
6/21/2016,15875.80957,16202.29981,15770.95996,16169.11035,16169.11035,120900000
6/22/2016,16095.80957,16160.99023,15980.65039,16065.71973,16065.71973,111700000
6/23/2016,16098.61035,16263.87012,16057.86035,16238.34961,16238.34961,110800000
6/24/2016,16333.87012,16389.16992,14864.00977,14952.01953,14952.01953,263000000
6/27/2016,15153.08008,15323.9502,15061.66016,15309.20996,15309.20996,161900000
6/28/2016,15094.70996,15443.82031,14987.79004,15323.13965,15323.13965,180900000
6/29/2016,15523.34961,15626.66016,15398.30957,15566.83008,15566.83008,147400000
6/30/2016,15752.70996,15781.69043,15575.91992,15575.91992,15575.91992,150700000
7/1/2016,15698.01953,15765,15635.57031,15682.48047,15682.48047,119900000
7/4/2016,15554.04004,15805.30957,15553.91992,15775.79981,15775.79981,108500000
7/5/2016,15682.16016,15702.04004,15602.73047,15669.33008,15669.33008,109200000
7/6/2016,15434.45996,15434.45996,15167.98047,15378.99023,15378.99023,158400000
7/7/2016,15346.80957,15418.90039,15241.91016,15276.24023,15276.24023,127300000
7/8/2016,15326.83984,15399.7002,15106.51953,15106.98047,15106.98047,129500000
7/11/2016,15375.94043,15816.66992,15375.94043,15708.82031,15708.82031,138900000
7/12/2016,15961.29981,16237.62012,15956.91016,16095.65039,16095.65039,185100000
7/13/2016,16343,16444.25,16196.44043,16231.42969,16231.42969,195600000
7/14/2016,16242.2002,16398.73047,16229.25977,16385.89063,16385.89063,136100000
7/15/2016,16396.11914,16607.32031,16396.11914,16497.84961,16497.84961,171900000
7/19/2016,16612.08984,16726.71094,16514.66016,16723.31055,16723.31055,131600000
7/20/2016,16646.91992,16692.83984,16554.0293,16681.89063,16681.89063,120500000
7/21/2016,16855.17969,16938.96094,16740,16810.2207,16810.2207,134800000
7/22/2016,16612.90039,16691.81055,16566.98047,16627.25,16627.25,100800000
7/25/2016,16655.81055,16778.65039,16612.33008,16620.28906,16620.28906,102900000
7/26/2016,16535.81055,16535.81055,16323.09961,16383.04004,16383.04004,129400000
7/27/2016,16526.06055,16821.42969,16526.06055,16664.82031,16664.82031,155500000
7/28/2016,16596.15039,16616.2793,16450.2793,16476.83984,16476.83984,126400000
7/29/2016,16359.67969,16679.18945,16174.34961,16569.26953,16569.26953,234600000
8/1/2016,16415.31055,16677.49023,16319.15039,16635.76953,16635.76953,174100000
8/2/2016,16469.67969,16541.88086,16391.44922,16391.44922,16391.44922,131900000
8/3/2016,16227.28027,16275.33984,16056.66992,16083.11035,16083.11035,155400000
8/4/2016,16168.33984,16270.12012,15921.04004,16254.88965,16254.88965,160000000
8/5/2016,16278.99023,16355.98047,16230.7002,16254.4502,16254.4502,129400000
8/8/2016,16462.28906,16652.03906,16455.57031,16650.57031,16650.57031,141600000
8/9/2016,16632.41016,16779.58984,16630.56055,16764.9707,16764.9707,127500000
8/10/2016,16699.08008,16822.85938,16657.58984,16735.11914,16735.11914,113800000
8/12/2016,16877.17969,16943.66992,16818.42969,16919.91992,16919.91992,119100000
8/15/2016,16866.89063,16932.10938,16844.58008,16869.56055,16869.56055,83700000
8/16/2016,16878.66016,16887.57031,16596.50977,16596.50977,16596.50977,110000000
8/17/2016,16596.25977,16772.10938,16596.25977,16745.64063,16745.64063,117400000
8/18/2016,16649.91016,16714.60938,16481.41016,16486.00977,16486.00977,130400000
8/19/2016,16558.38086,16613.03906,16452.61914,16545.82031,16545.82031,121900000
8/22/2016,16599.25977,16631.23047,16540.93945,16598.18945,16598.18945,95300000
8/23/2016,16549.82031,16663.64063,16452.00977,16497.35938,16497.35938,107600000
8/24/2016,16550.21094,16648.07031,16544.39063,16597.30078,16597.30078,91100000
8/25/2016,16580.15039,16628.78906,16520.83984,16555.94922,16555.94922,92900000
8/26/2016,16485.55078,16490.5293,16320.42969,16360.70996,16360.70996,104600000
8/29/2016,16631.06055,16764.64063,16616.65039,16737.49023,16737.49023,113900000
8/30/2016,16690.98047,16752.16016,16677.84961,16725.35938,16725.35938,103700000
8/31/2016,16857.83008,16917.85938,16836.96094,16887.40039,16887.40039,150300000
9/1/2016,16885.16016,16941.17969,16864.56055,16926.83984,16926.83984,131500000
9/2/2016,16903.7793,16946.49023,16848.11914,16925.67969,16925.67969,116200000
9/5/2016,17131.51953,17156.35938,17009.21094,17037.63086,17037.63086,127400000
9/6/2016,17035.0293,17097.58984,17022.64063,17081.98047,17081.98047,108300000
9/7/2016,16937.38086,17024.25977,16903.19922,17012.43945,17012.43945,132500000
9/8/2016,16984,17001.83984,16836.65039,16958.76953,16958.76953,111300000
9/9/2016,16994.36914,17029.7793,16902.08984,16965.75977,16965.75977,123900000
9/12/2016,16748.35938,16802,16601.53906,16672.91992,16672.91992,112800000
9/13/2016,16764.65039,16787.06055,16658.40039,16729.03906,16729.03906,98200000
9/14/2016,16632.06055,16706.60938,16585.80078,16614.24023,16614.24023,116300000
9/15/2016,16512.41992,16528.01953,16359.78027,16405.00977,16405.00977,117800000
9/16/2016,16458.74023,16532.83984,16415.85938,16519.28906,16519.28906,127100000
9/20/2016,16403.2207,16591.69922,16403.2207,16492.15039,16492.15039,121500000
9/21/2016,16471.84961,16823.63086,16399.65039,16807.61914,16807.61914,191100000
9/23/2016,16759.83984,16808.58984,16725.5293,16754.01953,16754.01953,138000000
9/26/2016,16707.44922,16707.44922,16514.92969,16544.56055,16544.56055,102900000
9/27/2016,16390.91016,16683.92969,16285.41016,16683.92969,16683.92969,157100000
9/28/2016,16504.99023,16515.83984,16385.0293,16465.40039,16465.40039,112200000
9/29/2016,16606.30078,16756.42969,16584.14063,16693.71094,16693.71094,122700000
9/30/2016,16474.44922,16497.55078,16407.7793,16449.83984,16449.83984,124400000
10/3/2016,16566.0293,16652.16016,16554.83008,16598.66992,16598.66992,99200000
10/4/2016,16661.50977,16747.19922,16637.82031,16735.65039,16735.65039,100300000
10/5/2016,16787.89063,16844.34961,16728.18945,16819.24023,16819.24023,115100000
10/6/2016,16913.59961,16971.2793,16888.76953,16899.09961,16899.09961,110600000
10/7/2016,16883.11914,16895.13086,16820.21094,16860.08984,16860.08984,100300000
10/11/2016,16936.31055,17074.46094,16931.11914,17024.75977,17024.75977,111600000
10/12/2016,16850.73047,16951.53906,16839.41016,16840,16840,116300000
10/13/2016,16923.82031,16974.25,16739.73047,16774.24023,16774.24023,111100000
10/14/2016,16751.03906,16866.56055,16727.7793,16856.36914,16856.36914,109400000
10/17/2016,16871.83984,16954.43945,16821.49023,16900.11914,16900.11914,95100000
10/18/2016,16862.31055,16966.90039,16844.16992,16963.60938,16963.60938,98600000
10/19/2016,16952.91016,17016.66016,16938.46094,16998.91016,16998.91016,101700000
10/20/2016,16999.35938,17235.5,16992.14063,17235.5,17235.5,112400000
10/21/2016,17283.75,17288.89063,17151.98047,17184.58984,17184.58984,114200000
10/24/2016,17216.56055,17244.74023,17162.21094,17234.41992,17234.41992,87700000
10/25/2016,17298.63086,17381.80078,17298.63086,17365.25,17365.25,108400000
10/26/2016,17329.0293,17391.83984,17295.46094,17391.83984,17391.83984,98100000
10/27/2016,17346.39063,17414.21094,17278.11914,17336.41992,17336.41992,107600000
10/28/2016,17448.25,17461.0293,17406.7207,17446.41016,17446.41016,167900000
10/31/2016,17360.89063,17433.13086,17327.61914,17425.01953,17425.01953,157200000
11/1/2016,17380.53906,17473.11914,17339.64063,17442.40039,17442.40039,123000000
11/2/2016,17238,17283.59961,17080.58984,17134.67969,17134.67969,135200000
11/4/2016,16964.5,16996.08984,16801.98047,16905.35938,16905.35938,134800000
11/7/2016,17126.0293,17186.89063,17056.83984,17177.21094,17177.21094,113000000
11/8/2016,17242.69922,17247.03906,17130.83008,17171.38086,17171.38086,100000000
11/9/2016,17281.94922,17427.71094,16111.80957,16251.54004,16251.54004,274900000
11/10/2016,16562.85938,17393.82031,16560.66016,17344.41992,17344.41992,229400000
11/11/2016,17526.60938,17621.73047,17333.49023,17374.78906,17374.78906,241800000
11/14/2016,17467.49023,17697.33008,17455.7793,17672.61914,17672.61914,165300000
11/15/2016,17690.2207,17727.58008,17605.76953,17668.15039,17668.15039,173200000
11/16/2016,17832.50977,17886.43945,17807.4707,17862.21094,17862.21094,200300000
11/17/2016,17766.60938,17884.06055,17764.08008,17862.63086,17862.63086,161100000
11/18/2016,18024.21094,18043.7207,17967.41016,17967.41016,17967.41016,166800000
11/21/2016,18038.08984,18129.0293,18007.78906,18106.01953,18106.01953,135700000
11/22/2016,18091.05078,18175.63086,18050.55078,18162.93945,18162.93945,121900000
11/24/2016,18329.7793,18382.7207,18310.31055,18333.41016,18333.41016,149400000
11/25/2016,18387.58984,18482.93945,18288.5,18381.2207,18381.2207,164900000
11/28/2016,18302.58008,18374.92969,18222.82031,18356.89063,18356.89063,145000000
11/29/2016,18263.63086,18327.50977,18258.82031,18307.03906,18307.03906,125600000
11/30/2016,18356.0293,18370.31055,18280.66016,18308.48047,18308.48047,164700000
12/1/2016,18535.24023,18746.2793,18469.26953,18513.11914,18513.11914,188000000
12/2/2016,18435.55078,18469.67969,18315.38086,18426.08008,18426.08008,197200000
12/5/2016,18349.91992,18365.74023,18227.39063,18274.99023,18274.99023,134500000
12/6/2016,18457.19922,18484.80078,18318.99023,18360.53906,18360.53906,158800000
12/7/2016,18434.53906,18502.4707,18410.88086,18496.68945,18496.68945,151700000
12/8/2016,18674.18945,18765.4707,18614.00977,18765.4707,18765.4707,187400000
12/9/2016,18839.98047,19042.48047,18821.41016,18996.36914,18996.36914,212300000
12/12/2016,19183.82031,19280.92969,19054,19155.0293,19155.0293,200600000
12/13/2016,19120.75977,19253.50977,19060.7207,19250.51953,19250.51953,147600000
12/14/2016,19270.00977,19284.2793,19184.75,19253.60938,19253.60938,133200000
12/15/2016,19327.69922,19436.90039,19192.59961,19273.78906,19273.78906,154600000
12/16/2016,19438.39063,19439.9707,19360.35938,19401.15039,19401.15039,148700000
12/19/2016,19345.83984,19399.25977,19307.14063,19391.59961,19391.59961,106000000
12/20/2016,19367.83984,19511.19922,19356.81055,19494.5293,19494.5293,119600000
12/21/2016,19547.2793,19592.90039,19375.18945,19444.49023,19444.49023,130300000
12/22/2016,19396.84961,19427.66992,19327.50977,19427.66992,19427.66992,113500000
12/26/2016,19394.41016,19432.48047,19385.93945,19396.64063,19396.64063,85500000
12/27/2016,19353.42969,19478.58008,19352.06055,19403.06055,19403.06055,110200000
12/28/2016,19392.10938,19442.13086,19364.73047,19401.7207,19401.7207,77700000
12/29/2016,19301.03906,19301.03906,19092.2207,19145.14063,19145.14063,163500000
12/30/2016,18997.67969,19176.81055,18991.58984,19114.36914,19114.36914,117800000
1/4/2017,19298.67969,19594.16016,19277.92969,19594.16016,19594.16016,163500000
1/5/2017,19602.09961,19615.40039,19473.2793,19520.68945,19520.68945,134500000
1/6/2017,19393.55078,19472.36914,19354.43945,19454.33008,19454.33008,119100000
1/10/2017,19414.83008,19484.90039,19255.34961,19301.43945,19301.43945,119100000
1/11/2017,19358.64063,19402.16992,19325.46094,19364.66992,19364.66992,119100000
1/12/2017,19300.18945,19300.18945,19069.01953,19134.69922,19134.69922,119100000
1/13/2017,19174.9707,19299.35938,19156.92969,19287.2793,19287.2793,119100000
1/16/2017,19219.13086,19255.41016,19061.26953,19095.24023,19095.24023,119100000
1/17/2017,19038.44922,19043.91016,18812.85938,18813.5293,18813.5293,119100000
1/18/2017,18753.96094,18941.24023,18650.33008,18894.36914,18894.36914,119100000
1/19/2017,19082.83008,19122.39063,18982.13086,19072.25,19072.25,170600000
1/20/2017,19059.15039,19176.85938,19040.19922,19137.91016,19137.91016,125800000
1/23/2017,18938.44922,19024.21094,18879.67969,18891.0293,18891.0293,124800000
1/24/2017,18817.41992,18915.69922,18783.16016,18787.99023,18787.99023,131500000
1/25/2017,19091.23047,19133.17969,18987.44922,19057.5,19057.5,125400000
1/26/2017,19260.66992,19405.23047,19232.46094,19402.39063,19402.39063,145200000
1/27/2017,19453.50977,19486.67969,19404.13086,19467.40039,19467.40039,134600000
1/30/2017,19371.2793,19390.9707,19295.80078,19368.84961,19368.84961,97800000
1/31/2017,19145.34961,19199.75,19041.33984,19041.33984,19041.33984,133900000
2/1/2017,18926.9707,19155.78906,18916.17969,19148.08008,19148.08008,131500000
2/2/2017,19152.78906,19170.63086,18866.80078,18914.58008,18914.58008,136500000
2/3/2017,18996.74023,19061.25977,18830.89063,18918.19922,18918.19922,140900000
2/6/2017,19069.7207,19075.57031,18899.40039,18976.71094,18976.71094,120500000
2/7/2017,18844.11914,18970.58008,18805.32031,18910.7793,18910.7793,106100000
2/8/2017,18951.16016,19009.24023,18875.57031,19007.59961,19007.59961,102900000
2/9/2017,18942.03906,18991.23047,18874.91016,18907.66992,18907.66992,130500000
2/10/2017,19216.74023,19395.99023,19193.57031,19378.92969,19378.92969,149400000
2/13/2017,19513.7793,19519.43945,19418.17969,19459.15039,19459.15039,117900000
2/14/2017,19478.85938,19501.00977,19232.84961,19238.98047,19238.98047,142800000
2/15/2017,19438.81055,19495.61914,19420,19437.98047,19437.98047,142800000
2/16/2017,19431.60938,19431.60938,19260.24023,19347.5293,19347.5293,137800000
2/17/2017,19228.74023,19275.39063,19173.5293,19234.61914,19234.61914,143600000
2/20/2017,19161.33008,19274.75,19115.10938,19251.08008,19251.08008,98900000
2/21/2017,19267.86914,19395.34961,19261.98047,19381.43945,19381.43945,100700000
2/22/2017,19419.2207,19419.2207,19329.2793,19379.86914,19379.86914,156700000
2/23/2017,19379.91992,19379.91992,19262.63086,19371.46094,19371.46094,140800000
2/24/2017,19232.10938,19381.09961,19219.58008,19283.53906,19283.53906,148900000
2/27/2017,19130.50977,19178.99023,18995.55078,19107.4707,19107.4707,124200000
2/28/2017,19194.67969,19267.99023,19118.99023,19118.99023,19118.99023,132900000
3/1/2017,19226.93945,19414.55078,19164.61914,19393.53906,19393.53906,132300000
3/2/2017,19624.82031,19668.00977,19564.80078,19564.80078,19564.80078,146200000
3/3/2017,19551.33984,19587.78906,19392.75,19469.16992,19469.16992,111000000
3/6/2017,19409.17969,19411.53906,19340.32031,19379.14063,19379.14063,88000000
3/7/2017,19337.18945,19375.08984,19317.09961,19344.15039,19344.15039,98800000
3/8/2017,19308.5293,19326.40039,19198.7793,19254.0293,19254.0293,103200000
3/9/2017,19343.06055,19350.19922,19262.98047,19318.58008,19318.58008,101100000
3/10/2017,19444.71094,19623.7207,19427.81055,19604.60938,19604.60938,155300000
3/13/2017,19545.74023,19656.48047,19531.50977,19633.75,19633.75,92600000
3/14/2017,19634.28906,19637.55078,19599.61914,19609.5,19609.5,123300000
3/15/2017,19528.75,19581.5293,19503.74023,19577.38086,19577.38086,115700000
3/16/2017,19458.69922,19618.99023,19454.16992,19590.14063,19590.14063,122500000
3/17/2017,19510.89063,19547.50977,19487.91992,19521.58984,19521.58984,137100000
3/21/2017,19416.55078,19485.14063,19337.2207,19455.88086,19455.88086,101700000
3/22/2017,19146.61914,19183.26953,19026.5293,19041.38086,19041.38086,136600000
3/23/2017,19048.83984,19105.10938,18973.75,19085.31055,19085.31055,121000000
3/24/2017,19066.34961,19296.05078,19060.64063,19262.5293,19262.5293,127700000
3/27/2017,18985.58984,18985.58984,18985.58984,18985.58984,18985.58984,120800000
3/28/2017,19159.07031,19203.64063,19113.43945,19202.86914,19202.86914,122300000
3/29/2017,19216.7793,19251.30078,19164.60938,19217.48047,19217.48047,115100000
3/30/2017,19150.82031,19218.08008,19043.48047,19063.2207,19063.2207,124500000
3/31/2017,19170.41992,19210.91992,18909.25977,18909.25977,18909.25977,149200000
4/3/2017,18988,19068.61914,18920.51953,18983.23047,18983.23047,134200000
4/4/2017,18933.82031,18947.33008,18703.63086,18810.25,18810.25,146900000
4/5/2017,18900.69922,18941.93945,18773.93945,18861.26953,18861.26953,121600000
4/6/2017,18754.36914,18797.43945,18532.65039,18597.06055,18597.06055,133600000
4/7/2017,18714.98047,18785.73047,18517.42969,18664.63086,18664.63086,161600000
4/10/2017,18800.2207,18850.80078,18762.69922,18797.88086,18797.88086,111300000
4/11/2017,18717.55078,18767.69922,18661.85938,18747.86914,18747.86914,105100000
4/12/2017,18592.09961,18602.5,18460.58984,18552.60938,18552.60938,116300000
4/13/2017,18391.7207,18455.25,18304.7207,18426.83984,18426.83984,123700000
4/14/2017,18531.91016,18531.91016,18285.73047,18335.63086,18335.63086,0
4/17/2017,18239.83984,18361.43945,18224.67969,18355.25977,18355.25977,0
4/18/2017,18497.38086,18547.46094,18362.73047,18418.58984,18418.58984,93300000
4/19/2017,18327.33008,18467.73047,18327.33008,18432.19922,18432.19922,120800000
4/20/2017,18446.39063,18523.40039,18420.82031,18430.49023,18430.49023,116900000
4/21/2017,18591.82031,18648.2793,18542.41992,18620.75,18620.75,113200000
4/24/2017,18890.38086,18910.33008,18840.13086,18875.88086,18875.88086,98100000
4/25/2017,18872.56055,19109.75977,18867.18945,19079.33008,19079.33008,118000000
4/26/2017,19184.91992,19289.42969,19170.85938,19289.42969,19289.42969,129400000
4/27/2017,19205.58984,19281.69922,19199.58984,19251.86914,19251.86914,116700000
4/28/2017,19240.65039,19264.57031,19164.67969,19196.74023,19196.74023,117800000
5/1/2017,19154.0293,19311.21094,19144.61914,19310.51953,19310.51953,106500000
5/2/2017,19335.7207,19464.30078,19335.01953,19445.69922,19445.69922,112700000
5/8/2017,19709.00977,19929.48047,19705.13086,19895.69922,19895.69922,148700000
5/9/2017,19915.64063,19917.44922,19838.71094,19843,19843,123500000
5/10/2017,19890.56055,19938.5293,19866.30078,19900.08984,19900.08984,129000000
5/11/2017,19943.94922,19989.93945,19906.34961,19961.55078,19961.55078,136400000
5/12/2017,19941.64063,19941.64063,19809.91016,19883.90039,19883.90039,136800000
5/15/2017,19753.46094,19869.84961,19740.63086,19869.84961,19869.84961,128300000
5/16/2017,19953.06055,19998.49023,19862.41016,19919.82031,19919.82031,131100000
5/17/2017,19806.7793,19842.7793,19764.63086,19814.88086,19814.88086,118100000
5/18/2017,19556.99023,19601.5293,19449.73047,19553.85938,19553.85938,135700000
5/19/2017,19591.41016,19628.64063,19497.28906,19590.75977,19590.75977,115600000
5/22/2017,19670.48047,19722.92969,19618.73047,19678.2793,19678.2793,78500000
5/23/2017,19647.74023,19693.01953,19585.53906,19613.2793,19613.2793,83400000
5/24/2017,19777.56055,19782.81055,19690.09961,19742.98047,19742.98047,101300000
5/25/2017,19737.21094,19850.92969,19720.11914,19813.13086,19813.13086,95100000
5/26/2017,19798.49023,19801.58984,19686.49023,19686.83984,19686.83984,84500000
5/29/2017,19697.17969,19736.61914,19627.18945,19682.57031,19682.57031,67300000
5/30/2017,19681.10938,19691.43945,19570.13086,19677.84961,19677.84961,72600000
5/31/2017,19630.33008,19673.50977,19589.25,19650.57031,19650.57031,125100000
6/1/2017,19692.16016,19887.66016,19686.32031,19860.0293,19860.0293,103500000
6/2/2017,19970.23047,20239.81055,19967,20177.2793,20177.2793,150400000
6/5/2017,20135.41992,20224.53906,20104.13086,20170.82031,20170.82031,99100000
6/6/2017,20122.25977,20152.94922,19948.01953,19979.90039,19979.90039,102000000
6/7/2017,19951.67969,20023.24023,19908.07031,19984.61914,19984.61914,99200000
6/8/2017,20048.2793,20061.2207,19896.34961,19909.25977,19909.25977,125300000
6/9/2017,19953.06055,20096.00977,19927.07031,20013.25977,20013.25977,145300000
6/12/2017,19920.76953,19949.07031,19837.64063,19908.58008,19908.58008,112100000
6/13/2017,19859.81055,19929.0293,19850.85938,19898.75,19898.75,97200000
6/14/2017,19974.56055,20009.92969,19879.59961,19883.51953,19883.51953,92900000
6/15/2017,19815.53906,19963.35938,19755.33984,19831.82031,19831.82031,107000000
6/16/2017,19931.15039,20015.16016,19884.80078,19943.25977,19943.25977,135300000
6/19/2017,19974.30078,20087.71094,19949.88086,20067.75,20067.75,79700000
6/20/2017,20234.11914,20318.10938,20227.28906,20230.41016,20230.41016,99300000
6/21/2017,20192.16016,20215.10938,20117.78906,20138.78906,20138.78906,94900000
6/22/2017,20154.38086,20191.41992,20107.89063,20110.50977,20110.50977,84600000
6/23/2017,20152.58008,20152.58008,20089.53906,20132.66992,20132.66992,80500000
6/26/2017,20132.81055,20196.38086,20119.03906,20153.34961,20153.34961,77000000
6/27/2017,20229.11914,20250.09961,20185.18945,20225.08984,20225.08984,90300000
6/28/2017,20149.19922,20224.30078,20110.49023,20130.41016,20130.41016,115500000
6/29/2017,20260.86914,20266.58984,20197.38086,20220.30078,20220.30078,118800000
6/30/2017,20025.63086,20044.00977,19946.50977,20033.42969,20033.42969,116600000
7/3/2017,20056.32031,20096.14063,20030.60938,20055.80078,20055.80078,83400000
7/4/2017,20192.26953,20197.16016,19971.5293,20032.34961,20032.34961,100300000
7/5/2017,20015.07031,20087.00977,19888.90039,20081.63086,20081.63086,94600000
7/6/2017,20061.67969,20078.88086,19947.63086,19994.06055,19994.06055,92700000
7/7/2017,19856.65039,19979.92969,19856.65039,19929.08984,19929.08984,91900000
7/10/2017,20070.43945,20127.75977,20023.0293,20080.98047,20080.98047,85700000
7/11/2017,20073.85938,20200.88086,20070.66992,20195.48047,20195.48047,77300000
7/12/2017,20137.2207,20153.03906,20061.16016,20098.38086,20098.38086,81400000
7/13/2017,20177.2793,20183.80078,20062.26953,20099.81055,20099.81055,90500000
7/14/2017,20157.91992,20163.66992,20101.71094,20118.85938,20118.85938,83100000
7/17/2017,null,null,null,null,null,null
7/18/2017,20074.41016,20081.28906,19943.14063,19999.91016,19999.91016,93400000
7/19/2017,19970.7793,20032.46094,19947.25977,20020.85938,20020.85938,81200000
7/20/2017,20046.90039,20157.10938,20032.23047,20144.58984,20144.58984,80800000
7/21/2017,20089.85938,20135.33008,20081.91016,20099.75,20099.75,78700000
7/24/2017,19973.66992,20002.53906,19901.88086,19975.66992,19975.66992,81300000
7/25/2017,19979.56055,20036.31055,19941.60938,19955.19922,19955.19922,70100000
7/26/2017,20098.14063,20116,20016.58008,20050.16016,20050.16016,85500000
7/27/2017,20026.58008,20176.39063,20005.19922,20079.64063,20079.64063,89900000
7/28/2017,20048.46094,20056.16016,19926.59961,19959.83984,19959.83984,108500000
7/31/2017,19933.44922,19983.90039,19891.90039,19925.17969,19925.17969,140300000
8/1/2017,19907.08008,20000.46094,19904.7207,19985.78906,19985.78906,110100000
8/2/2017,20057.07031,20113.73047,20022.05078,20080.03906,20080.03906,95600000
8/3/2017,20066,20070.16016,19985.40039,20029.25977,20029.25977,89300000
8/4/2017,19949.78906,19984.50977,19933.58984,19952.33008,19952.33008,76500000
8/7/2017,20059.28906,20085.90039,20037.40039,20055.89063,20055.89063,75300000
8/8/2017,20062.65039,20076.80078,19970.57031,19996.00977,19996.00977,80400000
8/9/2017,19928.96094,19945.2793,19660.2207,19738.71094,19738.71094,104400000
8/10/2017,19792.44922,19829.88086,19685.83008,19729.74023,19729.74023,104200000
8/11/2017,null,null,null,null,null,null
8/14/2017,19545.58008,19598.41016,19486.48047,19537.09961,19537.09961,108300000
8/15/2017,19689.38086,19824.11914,19656.91016,19753.31055,19753.31055,90300000
8/16/2017,19750.55078,19776.85938,19719.08008,19729.2793,19729.2793,69400000
8/17/2017,19707.75,19739.03906,19679.36914,19702.63086,19702.63086,71900000
8/18/2017,19471.26953,19543.13086,19433.08984,19470.41016,19470.41016,95700000
8/21/2017,19509.5293,19509.5293,19365.65039,19393.13086,19393.13086,75300000
8/22/2017,19373.10938,19437.25,19361.94922,19383.83984,19383.83984,70500000
8/23/2017,19547.05078,19561.32031,19408.4707,19434.64063,19434.64063,78500000
8/24/2017,19366.35938,19428.55078,19351.91992,19353.76953,19353.76953,75400000
8/25/2017,19401.11914,19485.9707,19384.36914,19452.60938,19452.60938,70700000
8/28/2017,19502.23047,19535.5,19420.5,19449.90039,19449.90039,69500000
8/29/2017,19319.10938,19371.90039,19280.01953,19362.55078,19362.55078,75000000
8/30/2017,19480.98047,19538.23047,19435.09961,19506.53906,19506.53906,91800000
8/31/2017,19591.32031,19687.99023,19583.10938,19646.24023,19646.24023,97900000
9/1/2017,19733.57031,19735.96094,19620.07031,19691.4707,19691.4707,79400000
9/4/2017,19615.96094,19628.40039,19479.40039,19508.25,19508.25,71700000
9/5/2017,19533.38086,19542.7793,19354.58984,19385.81055,19385.81055,77600000
9/6/2017,19286.06055,19371.38086,19254.66992,19357.9707,19357.9707,88500000
9/7/2017,19433.43945,19482.7207,19365.75,19396.51953,19396.51953,81900000
9/8/2017,19297.96094,19357.49023,19239.51953,19274.82031,19274.82031,106600000
9/11/2017,19441.39063,19567.0293,19437.14063,19545.76953,19545.76953,78700000
9/12/2017,19736.14063,19792.06055,19718.80078,19776.61914,19776.61914,89900000
9/13/2017,19873.68945,19888.83984,19845.01953,19865.82031,19865.82031,84500000
9/14/2017,19860.36914,19918.39063,19793.84961,19807.43945,19807.43945,93700000
9/15/2017,19793.80078,19933.40039,19787.65039,19909.5,19909.5,111900000
9/18/2017,null,null,null,null,null,null
9/19/2017,20128.17969,20320.7793,20122,20299.38086,20299.38086,120900000
9/20/2017,20301.33008,20339.36914,20272.82031,20310.46094,20310.46094,100400000
9/21/2017,20456.5,20481.26953,20332.68945,20347.48047,20347.48047,115900000
9/22/2017,20413.60938,20417.07031,20249.24023,20296.44922,20296.44922,95400000
9/25/2017,20439.42969,20454.28906,20367.0293,20397.58008,20397.58008,82800000
9/26/2017,20349.25977,20385.5,20303.98047,20330.18945,20330.18945,95000000
9/27/2017,20269.82031,20278.08984,20213.66016,20267.05078,20267.05078,63600000
9/28/2017,20398.63086,20399.86914,20299.67969,20363.10938,20363.10938,84000000
9/29/2017,20315.33984,20370.33008,20285.06055,20356.2793,20356.2793,85100000
10/2/2017,20400.50977,20411.33008,20363.2793,20400.7793,20400.7793,67600000
10/3/2017,20475.25,20628.38086,20438.16992,20614.07031,20614.07031,72800000
10/4/2017,20660.81055,20689.08008,20592.17969,20626.66016,20626.66016,73500000
10/5/2017,20650.71094,20667.4707,20602.25977,20628.56055,20628.56055,57300000
10/6/2017,20716.84961,20721.15039,20659.15039,20690.71094,20690.71094,75900000
10/9/2017,null,null,null,null,null,null
10/10/2017,20680.53906,20823.66016,20663.08008,20823.50977,20823.50977,78300000
10/11/2017,20803.71094,20898.41016,20788.11914,20881.26953,20881.26953,80200000
10/12/2017,20958.17969,20994.40039,20917.03906,20954.7207,20954.7207,80400000
10/13/2017,20959.66016,21211.28906,20933,21155.17969,21155.17969,110500000
10/16/2017,21221.26953,21347.07031,21187.92969,21255.56055,21255.56055,102300000
10/17/2017,21352.16992,21393.96094,21230.66992,21336.11914,21336.11914,92400000
10/18/2017,21374.66016,21402.75977,21317.66992,21363.05078,21363.05078,72700000
10/19/2017,21450.03906,21503.84961,21381.51953,21448.51953,21448.51953,84600000
10/20/2017,21390.94922,21489.25977,21363.09961,21457.64063,21457.64063,85700000
10/23/2017,21709.30078,21723.59961,21614.50977,21696.65039,21696.65039,87400000
10/24/2017,21670,21805.16992,21646.51953,21805.16992,21805.16992,88200000
10/25/2017,21900.13086,21921.35938,21648.34961,21707.61914,21707.61914,122000000
10/26/2017,21698.94922,21793.61914,21688.56055,21739.7793,21739.7793,82600000
10/27/2017,21903.26953,22016.5,21815.7207,22008.44922,22008.44922,120400000
10/30/2017,22047.94922,22086.88086,21921.24023,22011.66992,22011.66992,135600000
10/31/2017,21897.28906,22020.38086,21840.07031,22011.60938,22011.60938,102400000
11/1/2017,22144.91992,22455.91992,22130.0293,22420.08008,22420.08008,112600000
11/2/2017,22512.17969,22540.25,22400.00977,22539.11914,22539.11914,105700000
11/3/2017,null,null,null,null,null,null
11/6/2017,22612.96094,22644.67969,22435.33984,22548.34961,22548.34961,111900000
11/7/2017,22518.75,22953.17969,22512.91016,22937.59961,22937.59961,107800000
11/8/2017,22849.91016,22922.80078,22759.07031,22913.82031,22913.82031,100200000
11/9/2017,22989.43945,23382.15039,22522.83008,22868.71094,22868.71094,160400000
11/10/2017,22580.69922,22724.39063,22511.92969,22681.41992,22681.41992,106600000
11/13/2017,22607.56055,22607.91992,22380.99023,22380.99023,22380.99023,80700000
11/14/2017,22342.92969,22532.30078,22323.24023,22380.00977,22380.00977,95900000
11/15/2017,22250.98047,22305.24023,22004.78906,22028.32031,22028.32031,120600000
11/16/2017,21975.23047,22392.13086,21972.33984,22351.11914,22351.11914,96600000
11/17/2017,22603.30078,22757.40039,22319.11914,22396.80078,22396.80078,113700000
11/20/2017,22279.98047,22410.24023,22215.07031,22261.75977,22261.75977,71700000
11/21/2017,22456.78906,22563.25,22416.48047,22416.48047,22416.48047,76100000
11/22/2017,22601.55078,22677.33984,22513.43945,22523.15039,22523.15039,81100000
11/23/2017,null,null,null,null,null,null
11/24/2017,22390.14063,22567.19922,22381.00977,22550.84961,22550.84961,64800000
11/27/2017,22657.08008,22659.33008,22423.40039,22495.99023,22495.99023,66600000
11/28/2017,22474.74023,22580.99023,22363.93945,22486.24023,22486.24023,76800000
11/29/2017,22613.96094,22643.92969,22537.11914,22597.19922,22597.19922,90700000
11/30/2017,22601.83008,22748.32031,22502.67969,22724.96094,22724.96094,140700000
12/1/2017,22916.92969,22994.31055,22675.07031,22819.0293,22819.0293,89700000
12/4/2017,22843.5293,22864.33008,22693.99023,22707.16016,22707.16016,68900000
12/5/2017,22595.33008,22682.71094,22522.2793,22622.38086,22622.38086,75900000
12/6/2017,22525.38086,22528.21094,22119.21094,22177.03906,22177.03906,97300000
12/7/2017,22317.15039,22515.24023,22317.15039,22498.0293,22498.0293,79500000
12/8/2017,22627.94922,22819.71094,22625.41016,22811.08008,22811.08008,106900000
12/11/2017,22894.30078,22938.73047,22787.40039,22938.73047,22938.73047,69500000
12/12/2017,22936.41016,22994.33008,22834.89063,22866.16992,22866.16992,86100000
12/13/2017,22879.26953,22879.36914,22697.32031,22758.07031,22758.07031,91400000
12/14/2017,22699.30078,22786.60938,22638.75977,22694.44922,22694.44922,85100000
12/15/2017,22621.35938,22745.08984,22478.32031,22553.2207,22553.2207,99400000
12/18/2017,22770.43945,22927.5,22735.19922,22901.76953,22901.76953,85200000
12/19/2017,22961.4707,22990.41992,22862.82031,22868,22868,70500000
12/20/2017,22834.92969,22923.5,22806.73047,22891.7207,22891.7207,92400000
12/21/2017,22852.00977,22894.94922,22728.06055,22866.09961,22866.09961,73000000
12/22/2017,22850.73047,22908.83984,22801.16016,22902.75977,22902.75977,77800000
12/25/2017,22909.41016,22948.83008,22870.18945,22939.17969,22939.17969,0
12/26/2017,22922.94922,22950.15039,22877.63086,22892.68945,22892.68945,46400000
12/27/2017,22854.39063,22936.16016,22854.39063,22911.21094,22911.21094,47200000
12/28/2017,22912.05078,22954.44922,22736.42969,22783.98047,22783.98047,50300000
12/29/2017,22831.49023,22881.21094,22753.19922,22764.93945,22764.93945,46500000
1/1/2018,null,null,null,null,null,null
1/2/2018,null,null,null,null,null,null
1/3/2018,null,null,null,null,null,null
1/4/2018,23073.73047,23506.33008,23065.19922,23506.33008,23506.33008,102200000
1/5/2018,23643,23730.4707,23520.51953,23714.5293,23714.5293,101900000
1/8/2018,null,null,null,null,null,null
1/9/2018,23948.9707,23952.60938,23789.0293,23849.99023,23849.99023,94100000
1/10/2018,23832.81055,23864.75977,23755.44922,23788.19922,23788.19922,88800000
1/11/2018,23656.39063,23734.9707,23601.83984,23710.42969,23710.42969,83700000
1/12/2018,23719.66016,23743.05078,23588.07031,23653.82031,23653.82031,93700000
1/15/2018,23827.98047,23833.26953,23685.01953,23714.88086,23714.88086,75400000
1/16/2018,23721.16992,23962.07031,23701.83008,23951.81055,23951.81055,68500000
1/17/2018,23783.41992,23891.63086,23739.16992,23868.33984,23868.33984,82200000
1/18/2018,24078.92969,24084.41992,23699.4707,23763.36914,23763.36914,99400000
1/19/2018,23854.10938,23872.68945,23735.60938,23808.06055,23808.06055,71800000
1/22/2018,23797.83984,23816.33008,23697.81055,23816.33008,23816.33008,65200000
1/23/2018,23924.40039,24129.33984,23916.01953,24124.15039,24124.15039,73400000
1/24/2018,24026.42969,24072.76953,23917.14063,23940.7793,23940.7793,79900000
1/25/2018,23750.65039,23828.40039,23649.0293,23669.49023,23669.49023,81500000
1/26/2018,23757.33984,23797.96094,23592.2793,23631.88086,23631.88086,87200000
1/29/2018,23707.14063,23787.23047,23580.16992,23629.33984,23629.33984,68800000
1/30/2018,23559.33008,23581.98047,23233.36914,23291.9707,23291.9707,88800000
1/31/2018,23205.23047,23375.38086,23092.84961,23098.28906,23098.28906,99800000
2/1/2018,23276.09961,23492.76953,23211.11914,23486.10938,23486.10938,101800000
2/2/2018,23361.66992,23367.96094,23122.44922,23274.5293,23274.5293,98600000
2/5/2018,22921.16016,22967.68945,22659.42969,22682.08008,22682.08008,107600000
2/6/2018,22267,22277.44922,21078.71094,21610.24023,21610.24023,190100000
2/7/2018,22001.28906,22353.86914,21627.13086,21645.36914,21645.36914,143500000
2/8/2018,21721.57031,21977.0293,21649.69922,21890.85938,21890.85938,104700000
2/9/2018,21507.74023,21510.30078,21119.00977,21382.61914,21382.61914,127600000
2/12/2018,null,null,null,null,null,null
2/13/2018,21633.33984,21679.19922,21211.5293,21244.67969,21244.67969,114700000
2/14/2018,21251.24023,21371.00977,20950.15039,21154.16992,21154.16992,103900000
2/15/2018,21384.09961,21578.99023,21308.91992,21464.98047,21464.98047,86400000
2/16/2018,21555.99023,21866.36914,21499.88086,21720.25,21720.25,77800000
2/19/2018,21903.66016,22152.84961,21858.33008,22149.21094,22149.21094,68500000
2/20/2018,22054.32031,22063.86914,21831.44922,21925.09961,21925.09961,67500000
2/21/2018,21942.41992,22130.58008,21836.73047,21970.81055,21970.81055,77900000
2/22/2018,21789.88086,21799.40039,21626.84961,21736.43945,21736.43945,77300000
2/23/2018,21789.7207,21903.39063,21741.63086,21892.7793,21892.7793,64600000
2/26/2018,22134.64063,22226.5293,22040.86914,22153.63086,22153.63086,64600000
2/27/2018,22391.66992,22502.05078,22325.07031,22389.85938,22389.85938,74300000
2/28/2018,22292.5293,22380.2793,22068.24023,22068.24023,22068.24023,88800000
3/1/2018,21901.13086,21901.13086,21645.2207,21724.4707,21724.4707,90300000
3/2/2018,21339.98047,21366.08984,21088.96094,21181.64063,21181.64063,97100000
3/5/2018,21047.81055,21164.38086,20937.25977,21042.08984,21042.08984,87200000
3/6/2018,21390.19922,21551.14063,21381.41992,21417.75977,21417.75977,76400000
3/7/2018,21261.96094,21484.08008,21201.93945,21252.7207,21252.7207,87000000
3/8/2018,21488.16016,21488.16016,21299.40039,21368.07031,21368.07031,72100000
3/9/2018,21594.2207,21884.44922,21357.55078,21469.19922,21469.19922,110500000
3/12/2018,21826.09961,21971.16016,21689.9707,21824.0293,21824.0293,70600000
3/13/2018,21742.44922,21968.09961,21700.7793,21968.09961,21968.09961,68100000
3/14/2018,21764.99023,21881.08984,21684.01953,21777.28906,21777.28906,65000000
3/15/2018,21704.14063,21825.9707,21555.49023,21803.94922,21803.94922,65300000
3/16/2018,21876.5293,21879.2793,21632.84961,21676.50977,21676.50977,75700000
3/19/2018,21537.90039,21659.03906,21366.88086,21480.90039,21480.90039,67300000
3/20/2018,21297.98047,21384.85938,21223.9707,21380.9707,21380.9707,66500000
3/21/2018,null,null,null,null,null,null
3/22/2018,21352.16016,21592,21349.71094,21591.99023,21591.99023,82600000
3/23/2018,21188.80078,21188.80078,20559.60938,20617.85938,20617.85938,121000000
3/26/2018,20423.36914,20766.09961,20347.49023,20766.09961,20766.09961,97500000
3/27/2018,20958.90039,21317.32031,20943.31055,21317.32031,21317.32031,101900000
3/28/2018,20893.05078,21031.31055,20776.82031,21031.31055,21031.31055,88100000
3/29/2018,21250.96094,21298.57031,20996.2207,21159.08008,21159.08008,78900000
3/30/2018,21392.41992,21512.80078,21311.5,21454.30078,21454.30078,63600000
4/2/2018,21441.57031,21597.4707,21388.58008,21388.58008,21388.58008,47500000
4/3/2018,21115.48047,21333.5,21056.01953,21292.28906,21292.28906,63800000
4/4/2018,21415.84961,21415.84961,21238.17969,21319.55078,21319.55078,75600000
4/5/2018,21541.17969,21737.66016,21462.09961,21645.41992,21645.41992,80700000
4/6/2018,21633.73047,21742.83984,21550.41992,21567.51953,21567.51953,74400000
4/9/2018,21534.33008,21737.08984,21517.76953,21678.25977,21678.25977,62100000
4/10/2018,21599.66992,21933.99023,21542.36914,21794.32031,21794.32031,74700000
4/11/2018,21819.08984,21837.35938,21687.09961,21687.09961,21687.09961,69500000
4/12/2018,21657.86914,21719.42969,21591.39063,21660.2793,21660.2793,58400000
4/13/2018,21801.41016,21917.34961,21746.68945,21778.74023,21778.74023,73100000
4/16/2018,21843.55078,21879.68945,21775.60938,21835.5293,21835.5293,53400000
4/17/2018,21801.83008,21889.89063,21772.41992,21847.58984,21847.58984,57400000
4/18/2018,21929.00977,22194.10938,21914.96094,22158.19922,22158.19922,70400000
4/19/2018,22231.85938,22360.65039,22176.85938,22191.17969,22191.17969,79700000
4/20/2018,22148.2207,22261.34961,22076.63086,22162.24023,22162.24023,69600000
4/23/2018,22157.88086,22204.85938,22065.51953,22088.03906,22088.03906,64000000
4/24/2018,22228.82031,22304.68945,22149.58984,22278.11914,22278.11914,76500000
4/25/2018,22118.61914,22228.7793,22080.75977,22215.32031,22215.32031,73300000
4/26/2018,22278.76953,22381.66016,22265.19922,22319.60938,22319.60938,72800000
4/27/2018,22466.66016,22495.56055,22357.5293,22467.86914,22467.86914,89100000
4/30/2018,null,null,null,null,null,null
5/1/2018,22453.41992,22519.44922,22411.42969,22508.0293,22508.0293,89900000
5/2/2018,22568.18945,22568.18945,22426.55078,22472.7793,22472.7793,70700000
5/3/2018,null,null,null,null,null,null
5/4/2018,null,null,null,null,null,null
5/7/2018,22513.2207,22513.48047,22350.91016,22467.16016,22467.16016,69000000
5/8/2018,22440.65039,22566.67969,22423.23047,22508.68945,22508.68945,77000000
5/9/2018,22463.00977,22478.64063,22364.75,22408.88086,22408.88086,86000000
5/10/2018,22482.50977,22530.64063,22418.75,22497.17969,22497.17969,73300000
5/11/2018,22573.94922,22769.16016,22545.4707,22758.48047,22758.48047,80200000
5/14/2018,22705.30078,22894.75977,22683.64063,22865.85938,22865.85938,68900000
5/15/2018,22889.4707,22912.06055,22805.7207,22818.01953,22818.01953,86400000
5/16/2018,22730.11914,22796.14063,22695.83984,22717.23047,22717.23047,80200000
5/17/2018,22820.61914,22887.0293,22799.16016,22838.36914,22838.36914,75600000
5/18/2018,22907.19922,22954.18945,22867.30078,22930.35938,22930.35938,65300000
5/21/2018,22937.58008,23050.39063,22935.31055,23002.36914,23002.36914,59100000
5/22/2018,23025.94922,23031.66992,22952.86914,22960.33984,22960.33984,59400000
5/23/2018,22868.78906,22949.73047,22649.84961,22689.74023,22689.74023,75000000
5/24/2018,22621.28906,22644.68945,22366.59961,22437.00977,22437.00977,85600000
5/25/2018,22380.2207,22509.35938,22318.15039,22450.78906,22450.78906,70400000
5/28/2018,22488.94922,22547.66992,22410.91016,22481.08984,22481.08984,52900000
5/29/2018,22431.94922,22439.09961,22240.39063,22358.42969,22358.42969,59800000
5/30/2018,22051.9707,22079.23047,21931.65039,22018.51953,22018.51953,90500000
5/31/2018,22163.40039,22254.41992,22098,22201.82031,22201.82031,132400000
6/1/2018,22126.25,22316.91016,22098.03906,22171.34961,22171.34961,82500000
6/4/2018,22365.08984,22515.7207,22355.83008,22475.93945,22475.93945,71900000
6/5/2018,22552.16992,22602.13086,22470.03906,22539.53906,22539.53906,65800000
6/6/2018,22520.31055,22662.82031,22498.58984,22625.73047,22625.73047,67900000
6/7/2018,22748.7207,22856.36914,22732.17969,22823.25977,22823.25977,72200000
6/8/2018,22799.38086,22879,22694.5,22694.5,22694.5,85200000
6/11/2018,22686.94922,22856.08008,22667.30078,22804.03906,22804.03906,55700000
6/12/2018,22977.2207,23011.57031,22797.73047,22878.34961,22878.34961,63900000
6/13/2018,22896.16992,22993.25977,22895.31055,22966.38086,22966.38086,57000000
6/14/2018,22842.96094,22898.39063,22738.60938,22738.60938,22738.60938,72100000
6/15/2018,22883.24023,22885.83984,22770.38086,22851.75,22851.75,88500000
6/18/2018,22806.57031,22806.89063,22601.13086,22680.33008,22680.33008,65000000
6/19/2018,22565.91992,22618.51953,22278.48047,22278.48047,22278.48047,79400000
6/20/2018,22338.5293,22581.40039,22167.16016,22555.42969,22555.42969,88900000
6/21/2018,22523.2793,22782.00977,22491.08008,22693.03906,22693.03906,76000000
6/22/2018,22456.44922,22535.65039,22414.17969,22516.83008,22516.83008,85900000
6/25/2018,22543.56055,22556.55078,22312.78906,22338.15039,22338.15039,60600000
6/26/2018,22160.33008,22368.7793,22104.11914,22342,22342,71300000
6/27/2018,22320.88086,22356.53906,22205.33984,22271.76953,22271.76953,65800000
6/28/2018,22195.18945,22299.39063,22038.40039,22270.39063,22270.39063,70000000
6/29/2018,22314.4707,22332.82031,22145.48047,22304.50977,22304.50977,67900000
7/2/2018,22233.80078,22312.25,21784.48047,21811.92969,21811.92969,67100000
7/3/2018,21889.06055,21927.81055,21574.56055,21785.53906,21785.53906,76500000
7/4/2018,21679,21784,21604.17969,21717.03906,21717.03906,62200000
7/5/2018,21697.43945,21751.5,21462.94922,21546.99023,21546.99023,66700000
7/6/2018,21647.66016,21866.16016,21642.96094,21788.14063,21788.14063,71600000
7/9/2018,21838.5293,22105.94922,21825.75977,22052.17969,22052.17969,61200000
7/10/2018,22215.33984,22321.59961,22196.89063,22196.89063,22196.89063,90700000
7/11/2018,22002.14063,22044.61914,21744.25,21932.21094,21932.21094,74900000
7/12/2018,22036.86914,22233.51953,22019.18945,22187.96094,22187.96094,64400000
7/13/2018,22397.61914,22692.85938,22316.51953,22597.34961,22597.34961,72600000
7/16/2018,22397.61914,22692.85938,22316.51953,22597.34961,22597.34961,0
7/17/2018,22605.73047,22832.2207,22575.41992,22697.35938,22697.35938,75800000
7/18/2018,22917.51953,22949.32031,22794.18945,22794.18945,22794.18945,56500000
7/19/2018,22871.61914,22926.4707,22761.86914,22764.67969,22764.67969,62400000
7/20/2018,22734.56055,22869.98047,22541.34961,22697.88086,22697.88086,69700000
7/23/2018,22480.33008,22507.16992,22341.86914,22396.99023,22396.99023,88000000
7/24/2018,22555.05078,22555.05078,22416.23047,22510.48047,22510.48047,70400000
7/25/2018,22594.2793,22645.66016,22547.14063,22614.25,22614.25,58700000
7/26/2018,22711.58984,22717.15039,22549.76953,22586.86914,22586.86914,69600000
7/27/2018,22646.48047,22712.75,22593.19922,22712.75,22712.75,73200000
7/30/2018,22613.30078,22631.32031,22518.93945,22544.83984,22544.83984,76200000
7/31/2018,22472.11914,22678.06055,22352.21094,22553.7207,22553.7207,115400000
8/1/2018,22642.17969,22775.4707,22615.98047,22746.69922,22746.69922,100800000
8/2/2018,22676.73047,22754.73047,22464.81055,22512.5293,22512.5293,94500000
8/3/2018,22585.53906,22613.5,22490.57031,22525.17969,22525.17969,71700000
8/6/2018,22536.05078,22635.67969,22486.74023,22507.32031,22507.32031,67000000
8/7/2018,22514.31055,22666.67969,22499.05078,22662.74023,22662.74023,69400000
8/8/2018,22666.56055,22800.60938,22610.28906,22644.31055,22644.31055,72800000
8/9/2018,22591.53906,22648.88086,22497.99023,22598.39063,22598.39063,61800000
8/10/2018,22606.91016,22608.85938,22272.68945,22298.08008,22298.08008,73900000
8/13/2018,22117.57031,22124.59961,21851.32031,21857.42969,21857.42969,77800000
8/14/2018,22053.07031,22356.08008,22047.18945,22356.08008,22356.08008,59700000
8/15/2018,22368.11914,22380.2793,22110.28906,22204.2207,22204.2207,61200000
8/16/2018,21980.82031,22240.41992,21871.69922,22192.03906,22192.03906,77900000
8/17/2018,22313.18945,22340.94922,22244.09961,22270.38086,22270.38086,56100000
8/20/2018,22267.07031,22288.31055,22150.75,22199,22199,46800000
8/21/2018,22110.53906,22306.83008,22053.14063,22219.73047,22219.73047,54500000
8/22/2018,22270.03906,22390.19922,22162.81055,22362.55078,22362.55078,57100000
8/23/2018,22420.66992,22463.0293,22377.88086,22410.82031,22410.82031,50100000
8/24/2018,22484.00977,22602.24023,22452.41992,22601.76953,22601.76953,50400000
8/27/2018,22693.68945,22838.06055,22682.39063,22799.64063,22799.64063,50200000
8/28/2018,22967.74023,23006.76953,22813.4707,22813.4707,22813.4707,60700000
8/29/2018,22820.85938,22968.17969,22819.9707,22848.2207,22848.2207,58800000
8/30/2018,23020.17969,23032.16992,22832.83008,22869.5,22869.5,73900000
8/31/2018,22733.25,22890.60938,22678.0293,22865.15039,22865.15039,68100000
9/3/2018,22819.16992,22820.48047,22684.42969,22707.38086,22707.38086,49900000
9/4/2018,22740.05078,22753.17969,22612.15039,22696.90039,22696.90039,52300000
9/5/2018,22663.80078,22692.25,22570.51953,22580.83008,22580.83008,65400000
9/6/2018,22458.9707,22535.33984,22416.63086,22487.93945,22487.93945,62200000
9/7/2018,22351.83984,22372.89063,22172.90039,22307.06055,22307.06055,69800000
9/10/2018,22253.65039,22396.88086,22249.60938,22373.08984,22373.08984,55700000
9/11/2018,22469.7793,22667.84961,22457.09961,22664.68945,22664.68945,76500000
9/12/2018,22702.71094,22709.36914,22522.16992,22604.60938,22604.60938,79800000
9/13/2018,22657.94922,22858.41016,22643.88086,22821.32031,22821.32031,75000000
9/14/2018,23035.7793,23105.2793,22965.48047,23094.66992,23094.66992,102700000
9/17/2018,null,null,null,null,null,null
9/18/2018,23042.18945,23481.5293,23039.25977,23420.53906,23420.53906,90600000
9/19/2018,23754.96094,23842.05078,23672.51953,23672.51953,23672.51953,93600000
9/20/2018,23752.78906,23781.75,23582.15039,23674.92969,23674.92969,101600000
9/21/2018,23848.63086,23971.41016,23764.05078,23869.92969,23869.92969,120600000
9/24/2018,null,null,null,null,null,null
9/25/2018,23881.84961,23950.98047,23808.94922,23940.25977,23940.25977,100800000
9/26/2018,23846.59961,24033.78906,23833.91992,24033.78906,24033.78906,84200000
9/27/2018,23946.42969,24089.32031,23778.03906,23796.74023,23796.74023,76200000
9/28/2018,24080.00977,24286.09961,24021.26953,24120.03906,24120.03906,90700000
10/1/2018,24173.36914,24306.53906,24123.5,24245.75977,24245.75977,65000000
10/2/2018,24376.16992,24448.07031,24217.25977,24270.61914,24270.61914,80500000
10/3/2018,24219.18945,24260.63086,24030.58984,24110.96094,24110.96094,71300000
10/4/2018,24242.06055,24247.82031,23923.25977,23975.61914,23975.61914,89400000
10/5/2018,23781.75977,23928.61914,23730.18945,23783.7207,23783.7207,84600000
10/8/2018,null,null,null,null,null,null
10/9/2018,23550.4707,23587.05078,23442.46094,23469.39063,23469.39063,86500000
10/10/2018,23538.91992,23589.38086,23373.53906,23506.03906,23506.03906,70600000
10/11/2018,23043.36914,23051.18945,22459.01953,22590.85938,22590.85938,115300000
10/12/2018,22323.42969,22711.13086,22323.42969,22694.66016,22694.66016,99500000
10/15/2018,22501.33008,22520.58984,22261.91992,22271.30078,22271.30078,79900000
10/16/2018,22298.19922,22549.24023,22269.5293,22549.24023,22549.24023,70100000
10/17/2018,22806.58984,22959.41016,22765.58008,22841.11914,22841.11914,72100000
10/18/2018,22871.2793,22873.13086,22637.28906,22658.16016,22658.16016,64300000
10/19/2018,22342,22551.66992,22212.57031,22532.08008,22532.08008,67400000
10/22/2018,22374.21094,22672.25,22271.58984,22614.82031,22614.82031,63000000
10/23/2018,22404.14063,22410.15039,21993.07031,22010.7793,22010.7793,80200000
10/24/2018,22167.75977,22207.08984,21911.41992,22091.17969,22091.17969,83900000
10/25/2018,21676.83008,21703.21094,21204.40039,21268.73047,21268.73047,93600000
10/26/2018,21440.83984,21476.66016,20971.92969,21184.59961,21184.59961,92900000
10/29/2018,21323.60938,21465.99023,21109.9707,21149.80078,21149.80078,70800000
10/30/2018,21049.51953,21568.40039,21035.88086,21457.28906,21457.28906,116900000
10/31/2018,21569.56055,21920.46094,21530.39063,21920.46094,21920.46094,105000000
11/1/2018,21906.41016,21906.41016,21628.44922,21687.65039,21687.65039,101900000
11/2/2018,21761.58008,22308.41992,21751.33008,22243.66016,22243.66016,101900000
11/5/2018,22002.4707,22051.65039,21865.98047,21898.99023,21898.99023,78700000
11/6/2018,22018.86914,22160.83008,21994.2793,22147.75,22147.75,0
11/7/2018,22189.74023,22444.65039,21996.93945,22085.80078,22085.80078,96300000
11/8/2018,22446.00977,22583.42969,22421,22486.91992,22486.91992,81900000
11/9/2018,22471.31055,22494.58008,22226.00977,22250.25,22250.25,78100000
11/12/2018,22121.69922,22324.00977,22046.28906,22269.88086,22269.88086,59300000
11/13/2018,21885.24023,21892.28906,21484.65039,21810.51953,21810.51953,85700000
11/14/2018,21851.13086,21990.41016,21764.88086,21846.48047,21846.48047,75200000
11/15/2018,21670.34961,21818.73047,21613.5293,21803.61914,21803.61914,0
11/16/2018,21804.90039,21873.74023,21663.99023,21680.33984,21680.33984,74900000
11/19/2018,21679.0293,21852.91992,21665.28906,21821.16016,21821.16016,72100000
11/20/2018,21582.68945,21687.11914,21526.94922,21583.11914,21583.11914,82500000
11/21/2018,21286.81055,21555.60938,21243.38086,21507.53906,21507.53906,77300000
11/22/2018,21582.4707,21684.64063,21484.98047,21646.55078,21646.55078,65900000
11/23/2018,null,null,null,null,null,null
11/26/2018,21647.68945,21838.09961,21622.59961,21812,21812,78000000
11/27/2018,21967.98047,22006.83008,21816.05078,21952.40039,21952.40039,74000000
11/28/2018,22036.7207,22216.98047,22032.7207,22177.01953,22177.01953,77600000
11/29/2018,22360.98047,22437.94922,22241.16992,22262.59961,22262.59961,69300000
11/30/2018,22274.9707,22362.19922,22231.96094,22351.06055,22351.06055,104100000
12/3/2018,22629.39063,22698.78906,22550.28906,22574.75977,22574.75977,70500000
12/4/2018,22533.9707,22576.61914,22033.41016,22036.05078,22036.05078,89600000
12/5/2018,21755.16992,21979.17969,21708.82031,21919.33008,21919.33008,83700000
12/6/2018,21766.5,21805.01953,21307.7207,21501.61914,21501.61914,87600000
12/7/2018,21643.75,21734.93945,21506.44922,21678.67969,21678.67969,78100000
12/10/2018,21319.4707,21365.7793,21169.96094,21219.5,21219.5,79000000
12/11/2018,21273.03906,21279.01953,21062.31055,21148.01953,21148.01953,87500000
12/12/2018,21348.40039,21631.4707,21320.7207,21602.75,21602.75,89600000
12/13/2018,21755.13086,21871.33984,21675.66016,21816.18945,21816.18945,79200000
12/14/2018,21638.96094,21751.31055,21353.93945,21374.83008,21374.83008,102800000
12/17/2018,21391.73047,21563.26953,21363.66992,21506.88086,21506.88086,63400000
12/18/2018,21275.50977,21330.35938,21101.43945,21115.44922,21115.44922,80500000
12/19/2018,21107.16992,21168.61914,20880.73047,20987.91992,20987.91992,81300000
12/20/2018,20779.92969,20841.33984,20282.92969,20392.58008,20392.58008,96300000
12/21/2018,20310.5,20334.73047,20006.66992,20166.18945,20166.18945,116600000
12/24/2018,null,null,null,null,null,null
12/25/2018,19785.42969,19785.42969,19117.96094,19155.74023,19155.74023,0
12/26/2018,19302.58984,19530.34961,18948.58008,19327.06055,19327.06055,79900000
12/27/2018,19706.18945,20211.57031,19701.75977,20077.61914,20077.61914,93000000
12/28/2018,19957.88086,20084.38086,19900.03906,20014.76953,20014.76953,70600000
12/31/2018,null,null,null,null,null,null
1/4/2019,19655.13086,19692.58008,19241.36914,19561.96094,19561.96094,91600000
1/7/2019,19944.60938,20266.2207,19920.80078,20038.9707,20038.9707,81500000
1/8/2019,20224.66992,20347.91992,20106.35938,20204.03906,20204.03906,86400000
1/9/2019,20366.30078,20494.34961,20331.19922,20427.06055,20427.06055,72800000
1/10/2019,20270.88086,20345.91992,20101.92969,20163.80078,20163.80078,73700000
1/11/2019,20296.44922,20389.89063,20294.74023,20359.69922,20359.69922,77700000
1/15/2019,20264.82031,20571.2793,20204.42969,20555.28906,20555.28906,78300000
1/16/2019,20575.7207,20580.25,20323.32031,20442.75,20442.75,69500000
1/17/2019,20544.23047,20571.75,20342.46094,20402.26953,20402.26953,63600000
1/18/2019,20472.81055,20682.11914,20454.13086,20666.07031,20666.07031,64700000
1/21/2019,20848.38086,20892.67969,20678.25977,20719.33008,20719.33008,61200000
1/22/2019,20770.06055,20805.92969,20558.30078,20622.91016,20622.91016,57100000
1/23/2019,20453.43945,20686.28906,20438.2207,20593.7207,20593.7207,0
1/24/2019,20506.24023,20620.7207,20467.58984,20574.63086,20574.63086,61400000
1/25/2019,20598.64063,20844.31055,20598.64063,20773.56055,20773.56055,68400000
1/28/2019,20746.28906,20759.48047,20624.55078,20649,20649,56800000
1/29/2019,20555.43945,20673.66016,20406.2207,20664.64063,20664.64063,63100000
1/30/2019,20701.61914,20706.26953,20527.5293,20556.53906,20556.53906,72100000
1/31/2019,20832.91016,20869.41992,20682.91016,20773.49023,20773.49023,75700000
2/1/2019,20797.0293,20929.63086,20741.98047,20788.39063,20788.39063,82200000
2/4/2019,20831.90039,20922.58008,20823.67969,20883.76953,20883.76953,66600000
2/5/2019,20960.4707,20981.23047,20823.17969,20844.44922,20844.44922,65500000
2/6/2019,20928.86914,20971.66016,20860.99023,20874.06055,20874.06055,68900000
2/7/2019,20812.2207,20844.76953,20665.50977,20751.2793,20751.2793,70600000
2/8/2019,20510.5,20562.39063,20315.31055,20333.16992,20333.16992,86200000
2/12/2019,20442.55078,20885.88086,20428.57031,20864.21094,20864.21094,84100000
2/13/2019,21029.92969,21213.74023,20992.88086,21144.48047,21144.48047,78600000
2/14/2019,21147.89063,21235.61914,21102.16016,21139.71094,21139.71094,64500000
2/15/2019,21051.50977,21051.50977,20853.33008,20900.63086,20900.63086,65600000
2/18/2019,21217.32031,21306.35938,21189.9707,21281.84961,21281.84961,61800000
2/19/2019,21256.58008,21344.16992,21217.16016,21302.65039,21302.65039,53600000
2/20/2019,21346.03906,21494.84961,21315.39063,21431.49023,21431.49023,59700000
2/21/2019,21422.31055,21553.34961,21318.74023,21464.23047,21464.23047,68400000
2/22/2019,21376.35938,21451.23047,21348.66992,21425.50977,21425.50977,52400000
2/25/2019,21567.66016,21590.0293,21505.07031,21528.23047,21528.23047,51800000
2/26/2019,21556.01953,21610.88086,21405.83984,21449.39063,21449.39063,56400000
2/27/2019,21504.60938,21578.81055,21492.65039,21556.50977,21556.50977,67700000
2/28/2019,21536.55078,21536.55078,21364.08984,21385.16016,21385.16016,71500000
3/1/2019,21490.01953,21641.58008,21490.01953,21602.68945,21602.68945,62600000
3/4/2019,21812.81055,21860.39063,21740.91992,21822.03906,21822.03906,59100000
3/5/2019,21712.80078,21798.38086,21659.03906,21726.2793,21726.2793,59200000
3/6/2019,21659.0293,21684.59961,21550.44922,21596.81055,21596.81055,57100000
3/7/2019,21456.88086,21472.16016,21402.11914,21456.00977,21456.00977,75200000
3/8/2019,21339.16992,21359.32031,20993.07031,21025.56055,21025.56055,99800000
3/11/2019,21062.75,21145.93945,20938,21125.08984,21125.08984,55600000
3/12/2019,21361.60938,21568.48047,21348.81055,21503.68945,21503.68945,67800000
3/13/2019,21425.76953,21474.16992,21198.99023,21290.24023,21290.24023,66200000
3/14/2019,21474.58008,21522.75,21287.01953,21287.01953,21287.01953,64100000
3/15/2019,21376.73047,21521.67969,21374.84961,21450.84961,21450.84961,83200000
3/18/2019,21576.35938,21612.66992,21500.32031,21584.5,21584.5,55200000
3/19/2019,21558.42969,21585.55078,21425.78906,21566.84961,21566.84961,59900000
3/20/2019,21548.65039,21614.16992,21499.16016,21608.91992,21608.91992,65300000
3/22/2019,21713.25977,21713.25977,21542.0293,21627.33984,21627.33984,78900000
3/25/2019,21267.41016,21275.42969,20911.57031,20977.10938,20977.10938,77700000
3/26/2019,21174.33984,21460.99023,21174.33984,21428.39063,21428.39063,101300000
3/27/2019,21353.60938,21388.58984,21242.51953,21378.73047,21378.73047,76000000
3/28/2019,21191.32031,21191.32031,20974.18945,21033.75977,21033.75977,71100000
3/29/2019,21228.50977,21267.25,21149.41992,21205.81055,21205.81055,61600000
4/1/2019,21500.89063,21682.93945,21471.11914,21509.0293,21509.0293,77400000
4/2/2019,21744.64063,21744.64063,21490.56055,21505.31055,21505.31055,71000000
4/3/2019,21563.64063,21722.7207,21489.94922,21713.21094,21713.21094,68500000
4/4/2019,21724.68945,21787.59961,21662.90039,21724.94922,21724.94922,57900000
4/5/2019,21743.14063,21839.17969,21731.33984,21807.5,21807.5,58500000
4/8/2019,21900.55078,21900.55078,21740.5293,21761.65039,21761.65039,54600000
4/9/2019,21750.28906,21811.88086,21698.41992,21802.58984,21802.58984,54300000
4/10/2019,21579.67969,21687.57031,21571.66992,21687.57031,21687.57031,58700000
4/11/2019,21662.65039,21721.41992,21627.86914,21711.38086,21711.38086,61200000
4/12/2019,21782.34961,21878.7793,21698.71094,21870.56055,21870.56055,61600000
4/15/2019,22122.9707,22211.0293,22102.92969,22169.10938,22169.10938,66100000
4/16/2019,22108.15039,22261.33008,22095.32031,22221.66016,22221.66016,57300000
4/17/2019,22236.41016,22345.18945,22185.86914,22277.9707,22277.9707,75400000
4/18/2019,22274.13086,22305.63086,22058.39063,22090.11914,22090.11914,67300000
4/19/2019,22238.07031,22250.36914,22162.23047,22200.56055,22200.56055,0
4/22/2019,22188.61914,22280.18945,22099.38086,22217.90039,22217.90039,42900000
4/23/2019,22241.74023,22268.36914,22119.93945,22259.74023,22259.74023,52000000
4/24/2019,22356.83008,22362.91992,22125.48047,22200,22200,67900000
4/25/2019,22183.32031,22334.68945,22155.23047,22307.58008,22307.58008,63300000
4/26/2019,22167.48047,22270.28906,22073.09961,22258.73047,22258.73047,71900000
5/7/2019,22184.40039,22190.49023,21875.10938,21923.7207,21923.7207,90700000
5/8/2019,21628.03906,21639.11914,21514.84961,21602.58984,21602.58984,85700000
5/9/2019,21492.91016,21559.75977,21315.07031,21402.13086,21402.13086,96900000
5/10/2019,21431.81055,21584.08984,21175.33008,21344.91992,21344.91992,98500000
5/13/2019,21180.74023,21277.66016,21127.92969,21191.2793,21191.2793,74500000
5/14/2019,20870.76953,21077.48047,20751.44922,21067.23047,21067.23047,90200000
5/15/2019,21112.84961,21191.5293,20968.08008,21188.56055,21188.56055,84100000
5/16/2019,21153.19922,21153.19922,20951.66992,21062.98047,21062.98047,82500000
5/17/2019,21246.85938,21398.84961,21199.98047,21250.08984,21250.08984,75800000
5/20/2019,21305.9707,21430.06055,21282.65039,21301.73047,21301.73047,65100000
5/21/2019,21211.25977,21318.80078,21160.42969,21272.44922,21272.44922,70100000
5/22/2019,21373.51953,21404.53906,21266.98047,21283.36914,21283.36914,64500000
5/23/2019,21180.24023,21209.56055,21072.7207,21151.14063,21151.14063,63900000
5/24/2019,20980.78906,21117.2207,20922,21117.2207,21117.2207,67700000
5/27/2019,21148.46094,21232.38086,21113.75977,21182.58008,21182.58008,41600000
5/28/2019,21187.16992,21297.69922,21177.26953,21260.14063,21260.14063,98500000
5/29/2019,21055.41992,21071.73047,20884.60938,21003.36914,21003.36914,70000000
5/30/2019,20881.5,20942.5293,20809.28906,20942.5293,20942.5293,58700000
5/31/2019,20785.21094,20823.09961,20581.58008,20601.18945,20601.18945,79100000
6/3/2019,20327.86914,20438.0293,20305.74023,20410.88086,20410.88086,67400000
6/4/2019,20435.85938,20464.57031,20289.64063,20408.53906,20408.53906,69200000
6/5/2019,20667.89063,20800.64063,20646.15039,20776.09961,20776.09961,72300000
6/6/2019,20745.83984,20842.2793,20745.83984,20774.03906,20774.03906,59600000
6/7/2019,20859.7793,20907.76953,20816.58008,20884.71094,20884.71094,50700000
6/10/2019,21095.40039,21166.11914,21077.94922,21134.41992,21134.41992,58200000
6/11/2019,21099.53906,21227.17969,21066.61914,21204.2793,21204.2793,52100000
6/12/2019,21130.39063,21259.69922,21118.75,21129.7207,21129.7207,56500000
6/13/2019,21040.91016,21111.23047,20932.13086,21032,21032,65700000
6/14/2019,21049.41016,21119.73047,20971.17969,21116.89063,21116.89063,60400000
6/17/2019,21094.96094,21185.25,21044.61914,21124,21124,49100000
6/18/2019,21111.76953,21153.65039,20924.18945,20972.71094,20972.71094,54600000
6/19/2019,21223.16992,21358.7207,21213.42969,21333.86914,21333.86914,64100000
6/20/2019,21417.74023,21491.39063,21377.26953,21462.85938,21462.85938,55700000
6/21/2019,21487.66992,21497.82031,21221.69922,21258.64063,21258.64063,89000000
6/24/2019,21223.56055,21317.85938,21185.66992,21285.99023,21285.99023,43200000
6/25/2019,21238.07031,21313.76953,21114.4707,21193.81055,21193.81055,53900000
6/26/2019,21067.67969,21129.64063,21035.83984,21086.58984,21086.58984,50300000
6/27/2019,21156.88086,21338.16992,21123.9707,21338.16992,21338.16992,61300000
6/28/2019,21282.2207,21324.92969,21199.84961,21275.91992,21275.91992,62100000
7/1/2019,21566.26953,21758.33984,21559.16992,21729.9707,21729.9707,66900000
7/2/2019,21699.42969,21784.2207,21697.31055,21754.26953,21754.26953,54700000
7/3/2019,21684.07031,21708.7207,21566.65039,21638.16016,21638.16016,55000000
7/4/2019,21740.92969,21755.63086,21672.5,21702.44922,21702.44922,37800000
7/5/2019,21703.60938,21746.38086,21647.73047,21746.38086,21746.38086,44800000
7/8/2019,21665.78906,21672.65039,21499.57031,21534.34961,21534.34961,51900000
7/9/2019,21598.15039,21687.28906,21508.2207,21565.15039,21565.15039,53900000
7/10/2019,21499.46094,21601.85938,21488.2207,21533.48047,21533.48047,58900000
7/11/2019,21547.18945,21649.92969,21532.57031,21643.5293,21643.5293,49600000
7/12/2019,21720.14063,21720.14063,21589.83008,21685.90039,21685.90039,45400000
7/16/2019,21644.38086,21655.51953,21514.89063,21535.25,21535.25,49800000
7/17/2019,21474.63086,21488.26953,21380.55078,21469.17969,21469.17969,53300000
7/18/2019,21336.80078,21347.83984,20993.43945,21046.24023,21046.24023,70200000
7/19/2019,21146.5,21474.30078,21121.90039,21466.99023,21466.99023,57900000
7/22/2019,21394.75,21445.0293,21317.84961,21416.78906,21416.78906,46900000
7/23/2019,21425.43945,21686.5293,21411.92969,21620.88086,21620.88086,48100000
7/24/2019,21726.98047,21744.88086,21677.71094,21709.57031,21709.57031,51100000
7/25/2019,21715.94922,21823.07031,21715.68945,21756.55078,21756.55078,46900000
7/26/2019,21700.19922,21709.74023,21590.66016,21658.15039,21658.15039,47600000
7/29/2019,21627.55078,21652.94922,21518.69922,21616.80078,21616.80078,47000000
7/30/2019,21681.82031,21792.98047,21665.85938,21709.31055,21709.31055,54500000
7/31/2019,21526.38086,21589.10938,21476.07031,21521.5293,21521.5293,76500000
8/1/2019,21361.58008,21556.68945,21288.90039,21540.99023,21540.99023,75700000
8/2/2019,21211.06055,21211.06055,20960.08984,21087.16016,21087.16016,91500000
8/5/2019,20909.98047,20941.83008,20514.18945,20720.28906,20720.28906,85800000
8/6/2019,20325.51953,20607.83008,20110.75977,20585.31055,20585.31055,89700000
8/7/2019,20548.07031,20570.18945,20406.51953,20516.56055,20516.56055,73600000
8/8/2019,20529.28906,20682.24023,20462.98047,20593.34961,20593.34961,64800000
8/9/2019,20758.15039,20782.06055,20676.91992,20684.82031,20684.82031,63700000
8/13/2019,20432.67969,20503.38086,20369.26953,20455.43945,20455.43945,72900000
8/14/2019,20669.99023,20697.41992,20581.16992,20655.13086,20655.13086,60900000
8/15/2019,20324.25,20419.88086,20184.84961,20405.65039,20405.65039,68200000
8/16/2019,20323.9707,20465.71094,20300.34961,20418.81055,20418.81055,58400000
8/19/2019,20590.4707,20633.90039,20502.66016,20563.16016,20563.16016,50600000
8/20/2019,20605.34961,20684.06055,20582.00977,20677.2207,20677.2207,50100000
8/21/2019,20489.9707,20626.05078,20482.61914,20618.57031,20618.57031,53000000
8/22/2019,20706.07031,20731.18945,20584.28906,20628.00977,20628.00977,54600000
8/23/2019,20579.98047,20719.31055,20579.98047,20710.91016,20710.91016,50700000
8/26/2019,20325.43945,20329.00977,20173.75977,20261.03906,20261.03906,69900000
8/27/2019,20467.2207,20529.93945,20439.91992,20456.08008,20456.08008,60800000
8/28/2019,20474.31055,20511.21094,20433.31055,20479.41992,20479.41992,51500000
8/29/2019,20500.5,20520.67969,20361.11914,20460.92969,20460.92969,55100000
8/30/2019,20641.49023,20748.34961,20633.30078,20704.36914,20704.36914,72000000
9/2/2019,20625.75,20667.56055,20614.28906,20620.18945,20620.18945,42400000
9/3/2019,20581.58008,20662.23047,20578.01953,20625.16016,20625.16016,0
9/4/2019,20578.66992,20694.34961,20554.16016,20649.14063,20649.14063,51500000
9/5/2019,20800.28906,21164.60938,20787.92969,21085.93945,21085.93945,83000000
9/6/2019,21201.83008,21241.28906,21145.81055,21199.57031,21199.57031,71100000
9/9/2019,21214.56055,21333.50977,21182.25977,21318.41992,21318.41992,57800000
9/10/2019,21363.57031,21438.34961,21350.34961,21392.09961,21392.09961,92400000
9/11/2019,21466.66016,21619.21094,21437.82031,21597.75977,21597.75977,110100000
9/12/2019,21761.08984,21825.91992,21743.96094,21759.60938,21759.60938,96000000
9/13/2019,21907.83008,22019.66016,21820.93945,21988.28906,21988.28906,116300000
9/17/2019,21947.58984,22041.08008,21878.63086,22001.32031,22001.32031,81500000
9/18/2019,22014.65039,22027.85938,21942.0293,21960.71094,21960.71094,69400000
9/19/2019,22064.46094,22255.56055,22003.30078,22044.44922,22044.44922,78200000
9/20/2019,22130.74023,22204.75,22047.90039,22079.08984,22079.08984,85000000
9/24/2019,22095.34961,22168.74023,22077.93945,22098.83984,22098.83984,68400000
9/25/2019,21961.82031,22036.48047,21906,22020.15039,22020.15039,61600000
9/26/2019,22160.51953,22184.91016,21986.24023,22048.24023,22048.24023,81600000
9/27/2019,21934.92969,21955.78906,21733.68945,21878.90039,21878.90039,76400000
9/30/2019,21793.83008,21811.98047,21666.59961,21755.83984,21755.83984,69900000
10/1/2019,21831.43945,21938.76953,21811.98047,21885.24023,21885.24023,62300000
10/2/2019,21744.61914,21795.00977,21725.23047,21778.60938,21778.60938,63300000
10/3/2019,21422.2207,21437.74023,21277.35938,21341.74023,21341.74023,67700000
10/4/2019,21316.17969,21410.19922,21276.00977,21410.19922,21410.19922,57700000
10/7/2019,21445.73047,21475.2793,21328.25977,21375.25,21375.25,47400000
10/8/2019,21494.48047,21629.24023,21483.17969,21587.7793,21587.7793,60800000
10/9/2019,21359.83984,21467.76953,21359.83984,21456.38086,21456.38086,55400000
10/10/2019,21456.26953,21601.46094,21308.88086,21551.98047,21551.98047,59900000
10/11/2019,21749.92969,21820.76953,21658.26953,21798.86914,21798.86914,67400000
10/15/2019,22063.71094,22219.63086,22049.71094,22207.21094,22207.21094,74500000
10/16/2019,22479.57031,22615.4707,22434.34961,22472.91992,22472.91992,78700000
10/17/2019,22451.15039,22522.39063,22424.91992,22451.85938,22451.85938,57800000
10/18/2019,22528.56055,22649.84961,22466.25977,22492.67969,22492.67969,59200000
10/21/2019,22541.2207,22581.2793,22515.73047,22548.90039,22548.90039,48400000
10/23/2019,22619.76953,22648.81055,22457.89063,22625.38086,22625.38086,68000000
10/24/2019,22725.43945,22780.99023,22704.33008,22750.59961,22750.59961,61300000
10/25/2019,22753.24023,22819.91992,22715.13086,22799.81055,22799.81055,57200000
10/28/2019,22854.43945,22896.2207,22830.57031,22867.26953,22867.26953,48100000
10/29/2019,22950.78906,23008.42969,22935.34961,22974.13086,22974.13086,72900000
10/30/2019,22953.16992,22961.23047,22827.92969,22843.11914,22843.11914,101600000
10/31/2019,22910.09961,22988.80078,22875.5,22927.03906,22927.03906,78300000
11/1/2019,22730.49023,22852.7207,22705.59961,22850.76953,22850.76953,65400000
11/5/2019,23118.78906,23328.51953,23090.93945,23251.99023,23251.99023,102100000
11/6/2019,23343.50977,23352.56055,23246.57031,23303.82031,23303.82031,77400000
11/7/2019,23283.14063,23336,23253.32031,23330.32031,23330.32031,70900000
11/8/2019,23550.03906,23591.08984,23313.41016,23391.86914,23391.86914,94600000
11/11/2019,23422.13086,23471.82031,23323.01953,23331.83984,23331.83984,61500000
11/12/2019,23336.36914,23545.69922,23312.25,23520.00977,23520.00977,63000000
11/13/2019,23439.25,23452.63086,23270.92969,23319.86914,23319.86914,63400000
11/14/2019,23325.5,23360.06055,23062.16016,23141.55078,23141.55078,79900000
11/15/2019,23160.5293,23340.76953,23121.58984,23303.32031,23303.32031,72200000
11/18/2019,23304.25,23420.61914,23271.28906,23416.75977,23416.75977,57300000
11/19/2019,23366.35938,23389.5293,23244.92969,23292.65039,23292.65039,64200000
11/20/2019,23176.49023,23303.16992,23086.11914,23148.57031,23148.57031,65700000
11/21/2019,23071.49023,23108.08008,22726.71094,23038.58008,23038.58008,69800000
11/22/2019,23030.33008,23219.50977,23030.33008,23112.88086,23112.88086,55600000
11/25/2019,23292.84961,23347.17969,23255.39063,23292.81055,23292.81055,50300000
11/26/2019,23451.40039,23608.06055,23350.09961,23373.32031,23373.32031,94300000
11/27/2019,23452.84961,23507.82031,23418.23047,23437.76953,23437.76953,52200000
11/28/2019,23458.88086,23482.32031,23367.33008,23409.14063,23409.14063,44800000
11/29/2019,23497.43945,23498.76953,23273.36914,23293.91016,23293.91016,52100000
12/2/2019,23388.63086,23562.05078,23378.40039,23529.5,23529.5,47700000
12/3/2019,23231.14063,23388.17969,23186.83984,23379.81055,23379.81055,58800000
12/4/2019,23186.74023,23203.76953,23044.7793,23135.23047,23135.23047,58100000
12/5/2019,23292.69922,23363.43945,23259.82031,23300.08984,23300.08984,61400000
12/6/2019,23347.66992,23412.48047,23338.40039,23354.40039,23354.40039,54400000
12/9/2019,23544.31055,23544.31055,23360.00977,23430.69922,23430.69922,55800000
12/10/2019,23372.39063,23449.4707,23336.92969,23410.18945,23410.18945,52800000
12/11/2019,23421.14063,23438.42969,23333.63086,23391.85938,23391.85938,61300000
12/12/2019,23449.2793,23468.15039,23360.42969,23424.81055,23424.81055,56300000
12/13/2019,23810.56055,24050.03906,23775.73047,24023.09961,24023.09961,115500000
12/16/2019,23955.19922,24036.30078,23950.05078,23952.34961,23952.34961,53300000
12/17/2019,24091.11914,24091.11914,23996.50977,24066.11914,24066.11914,64000000
12/18/2019,24023.26953,24046.08984,23919.35938,23934.42969,23934.42969,66300000
12/19/2019,23911.46094,23945.5293,23835.28906,23864.84961,23864.84961,55600000
12/20/2019,23893.44922,23908.76953,23746.63086,23816.63086,23816.63086,70300000
12/23/2019,23921.28906,23923.08984,23810.82031,23821.10938,23821.10938,45200000
12/24/2019,23839.17969,23853.56055,23796.34961,23830.58008,23830.58008,37900000
12/25/2019,23813.58984,23824.84961,23782.86914,23782.86914,23782.86914,31600000
12/26/2019,23787.69922,23931.50977,23775.40039,23924.91992,23924.91992,40300000
12/27/2019,23953.75,23967.17969,23837.7207,23837.7207,23837.7207,44800000
12/30/2019,23770.92969,23782.49023,23656.61914,23656.61914,23656.61914,41600000
